1,STATE ABBREVIATION,STATE,DISTRICT,FEC ID#,(I),CANDIDATE NAME (First),CANDIDATE NAME (Last),CANDIDATE NAME,TOTAL VOTES,PARTY,PRIMARY VOTES,PRIMARY %,RUNOFF VOTES,RUNOFF %,GENERAL VOTES ,GENERAL %,GE RUNOFF ELECTION VOTES (MS Senate),GE RUNOFF ELECTION % (MS Senate),"COMBINED GE PARTY TOTALS (CT, NY)","COMBINED % (CT, NY)",GE WINNER INDICATOR,FOOTNOTES
2,,,,n/a,,,,,,,,,,,,,,,,,,
3,AZ,Arizona,S,S8AZ00197,,Kyrsten,Sinema,"Sinema, Kyrsten",,D,"404,170",79.25%,,,"1,191,100",49.96%,,,,,W,
4,AZ,Arizona,S,S8AZ00122,,Deedra,Abboud,"Abboud, Deedra",,D,"105,800",20.75%,,,,,,,,,,
5,AZ,Arizona,S,n/a,,,,,Party Votes:,D,"509,970",,,,,,,,,,,
6,AZ,Arizona,S,S8AZ00221,,Martha,McSally,"McSally, Martha",,R,"357,626",54.57%,,,"1,135,200",47.61%,,,,,,
7,AZ,Arizona,S,S6AZ00233,,Kelli,Ward,"Ward, Kelli",,R,"180,926",27.61%,,,,,,,,,,
8,AZ,Arizona,S,S8AZ00247,,Joe,Arpaio,"Arpaio, Joe",,R,"116,555",17.79%,,,,,,,,,,
9,AZ,Arizona,S,n/a,,Nicholas N.,Glenn,"Glenn, Nicholas N.",,W(R),121,0.02%,,,,,,,,,,
10,AZ,Arizona,S,n/a,,William,Gonzales,"Gonzales, William",,W(R),70,0.01%,,,,,,,,,,
11,AZ,Arizona,S,n/a,,,,,Party Votes:,R,"655,298",,,,,,,,,,,
12,AZ,Arizona,S,S8AZ00304,,Angela,Green,"Green, Angela",,W(GRE)/GRE,389,100.00%,,,"57,442",2.41%,,,,,,
13,AZ,Arizona,S,n/a,,,,,Party Votes:,GRE,389,,,,,,,,,,,
14,AZ,Arizona,S,S0AZ00145,,Barry,Hess,"Hess, Barry",,W,,,,,365,0.02%,,,,,,
15,AZ,Arizona,S,S8AZ00353,,Jonathan,Ringham B,"Ringham B, Jonathan",,W,,,,,46,0.00%,,,,,,
16,AZ,Arizona,S,S8AZ00320,,Michael,DeCarlo,"DeCarlo, Michael",,W,,,,,45,0.00%,,,,,,
17,AZ,Arizona,S,S2AZ00273,,Sheila,Bilyeu,"Bilyeu, Sheila",,W,,,,,42,0.00%,,,,,,
18,AZ,Arizona,S,S8AZ00338,,Robert,Kay,"Kay, Robert",,W,,,,,37,0.00%,,,,,,
19,AZ,Arizona,S,S8AZ00346,,Jeff,Pearce,"Pearce, Jeff",,W,,,,,29,0.00%,,,,,,
20,AZ,Arizona,S,S8AZ00312,,Edward,Davida,"Davida, Edward",,W,,,,,2,0.00%,,,,,,
21,AZ,Arizona,S,S8AZ00296,,Adam,Kokesh,"Kokesh, Adam",,W(LIB),"2,169",100.00%,,,,,,,,,,
22,AZ,Arizona,S,n/a,,,,,Party Votes:,LIB,"2,169",,,,,,,,,,,
23,AZ,Arizona,S,n/a,,,,,Total State Votes:,,"1,167,826",,,,"2,384,308",,,,,,,
24,,,,,,,,,,,,,,,,,,,,,,
25,CA,California,S,S0CA00199,(I),Dianne,Feinstein,"Feinstein, Dianne",,D,"2,947,035",44.18%,,,"6,019,422",54.16%,,,,,W,
26,CA,California,S,S8CA00408,,Kevin,De Leon,"De Leon, Kevin",,D,"805,446",12.07%,,,"5,093,942",45.84%,,,,,,
27,CA,California,S,S8CA00515,,James P.,Bradley,"Bradley, James P.",,R,"556,252",8.34%,,,,,,,,,,
28,CA,California,S,S8CA00572,,Arun K.,Bhumitra,"Bhumitra, Arun K.",,R,"350,815",5.26%,,,,,,,,,,
29,CA,California,S,S8CA00481,,Paul A.,Taylor,"Taylor, Paul A.",,R,"323,534",4.85%,,,,,,,,,,
30,CA,California,S,S8CA00440,,Erin,Cruz,"Cruz, Erin",,R,"267,494",4.01%,,,,,,,,,,
31,CA,California,S,S6CA00675,,Tom,Palzer,"Palzer, Tom",,R,"205,183",3.08%,,,,,,,,,,
32,CA,California,S,S8CA00416,,Alison,Hartson,"Hartson, Alison",,D,"147,061",2.20%,,,,,,,,,,
33,CA,California,S,S8CA00598,,"Roque ""Rocky""",De La Fuente,"De La Fuente, Roque ""Rocky""",,R,"135,279",2.03%,,,,,,,,,,
34,CA,California,S,S8CA00358,,Pat ,Harris,"Harris, Pat ",,D,"126,947",1.90%,,,,,,,,,,
35,CA,California,S,S8CA00580,,"John ""Jack""",Crew,"Crew, John ""Jack""",,R,"93,808",1.41%,,,,,,,,,,
36,CA,California,S,S8CA00606,,Patrick,Little,"Little, Patrick",,R,"89,867",1.35%,,,,,,,,,,
37,CA,California,S,S8CA00614,,Kevin,Mottus,"Mottus, Kevin",,R,"87,646",1.31%,,,,,,,,,,
38,CA,California,S,S6CA00717,,Jerry Joseph,Laws,"Laws, Jerry Joseph",,R,"67,140",1.01%,,,,,,,,,,
39,CA,California,S,S8CA00507,,Derrick Michael,Reid,"Reid, Derrick Michael",,LIB,"60,000",0.90%,,,,,,,,,,
40,CA,California,S,S8CA00549,,Adrienne Nicole,Edwards,"Edwards, Adrienne Nicole",,D,"56,172",0.84%,,,,,,,,,,
41,CA,California,S,S6CA00790,,Douglas Howard,Pierce,"Pierce, Douglas Howard",,D,"42,671",0.64%,,,,,,,,,,
42,CA,California,S,S8CA00523,,Mario,Nabliba,"Nabliba, Mario",,R,"39,209",0.59%,,,,,,,,,,
43,CA,California,S,S8CA00317,,David,Hildebrand,"Hildebrand, David",,D,"30,305",0.45%,,,,,,,,,,
44,CA,California,S,S8CA00564,,Donnie O.,Turner,"Turner, Donnie O.",,D,"30,101",0.45%,,,,,,,,,,
45,CA,California,S,S6CA00907,,Herbert G.,Peters,"Peters, Herbert G.",,D,"27,468",0.41%,,,,,,,,,,
46,CA,California,S,S8CA00531,,David,Moore,"Moore, David",,NOP,"24,614",0.37%,,,,,,,,,,
47,CA,California,S,S8CA00457,,Ling Ling,Shi,"Shi, Ling Ling",,NOP,"23,506",0.35%,,,,,,,,,,
48,CA,California,S,S6CA00949,,John Thompson,Parker,"Parker, John Thompson",,PAF,"22,825",0.34%,,,,,,,,,,
49,CA,California,S,S8CA00465,,Lee,Olson,"Olson, Lee",,NOP,"20,393",0.31%,,,,,,,,,,
50,CA,California,S,S8CA00556,,Gerald,Plummer,"Plummer, Gerald",,D,"18,234",0.27%,,,,,,,,,,
51,CA,California,S,S6CA00998,,Jason M.,Hanania,"Hanania, Jason M.",,NOP,"18,171",0.27%,,,,,,,,,,
52,CA,California,S,S4CA00332,,Don J.,Grundmann,"Grundmann, Don J.",,NOP,"15,125",0.23%,,,,,,,,,,
53,CA,California,S,S6CA00527,,Colleen Shea,Fernald,"Fernald, Colleen Shea",,NOP,"13,536",0.20%,,,,,,,,,,
54,CA,California,S,S8CA00630,,Rash Bihari,Ghosh,"Ghosh, Rash Bihari",,NOP,"12,557",0.19%,,,,,,,,,,
55,CA,California,S,S6CA00733,,Tim,Gildersleeve,"Gildersleeve, Tim",,NOP,"8,482",0.13%,,,,,,,,,,
56,CA,California,S,S8CA00655,,Michael Fahmy,Girgis,"Girgis, Michael Fahmy",,NOP,"2,986",0.04%,,,,,,,,,,
57,CA,California,S,S8CA00499,,Michael V.,Ziesing,"Ziesing, Michael V.",,W(GRE),842,0.01%,,,,,,,,,,
58,CA,California,S,n/a,,Ursula M.,Schilling,"Schilling, Ursula M.",,W(NOP),17,0.00%,,,,,,,,,,
59,CA,California,S,n/a,,Seelam Prabhakar,Reddy,"Reddy, Seelam Prabhakar",,W(D),4,0.00%,,,,,,,,,,
60,CA,California,S,n/a,,,,,Total State Votes:,,"6,670,725",,,,"11,113,364",,,,,,,
61,,,,,,,,,,,,,,,,,,,,,,
62,CT,Connecticut,S,S2CT00132,(I),Christopher S.,Murphy,"Murphy, Christopher S.",,WF,,,,,"37,894",2.73%,,,"825,579",59.53%,,
63,CT,Connecticut,S,S2CT00132,(I),Christopher S.,Murphy,"Murphy, Christopher S.",,D,*,,,,"787,685",56.80%,,,"825,579",59.53%,W,"* A candidate is endorsed by the party at the party convention.  A primary election is only held if a qualified challenger to the party endorsed candidate receives 15% of the delegate votes on roll call at the convention and files for a primary, or, if after the convention, a challenger files a requisite number of petitions to qualify for primary ballot access.  Otherwise, the party endorsed candidate is the nominee.  The Republican convention for the U.S. Senate was held on May 11, 2018, and the Democratic convention for the U.S. Senate was held on May 18, 2018.  An asterisk denotes the party’s endorsed candidate."
64,CT,Connecticut,S,S8CT00105,,Ann Marie,Adams,"Adams, Ann Marie",,D,,,,,,,,,,,,"* A candidate is endorsed by the party at the party convention.  A primary election is only held if a qualified challenger to the party endorsed candidate receives 15% of the delegate votes on roll call at the convention and files for a primary, or, if after the convention, a challenger files a requisite number of petitions to qualify for primary ballot access.  Otherwise, the party endorsed candidate is the nominee.  The Republican convention for the U.S. Senate was held on May 11, 2018, and the Democratic convention for the U.S. Senate was held on May 18, 2018.  An asterisk denotes the party’s endorsed candidate."
65,CT,Connecticut,S,S8CT00121,,Matthew,Corey,"Corey, Matthew  *",,R,"99,899",76.54%,,,"545,717",39.35%,,,,,,"* A candidate is endorsed by the party at the party convention.  A primary election is only held if a qualified challenger to the party endorsed candidate receives 15% of the delegate votes on roll call at the convention and files for a primary, or, if after the convention, a challenger files a requisite number of petitions to qualify for primary ballot access.  Otherwise, the party endorsed candidate is the nominee.  The Republican convention for the U.S. Senate was held on May 11, 2018, and the Democratic convention for the U.S. Senate was held on May 18, 2018.  An asterisk denotes the party’s endorsed candidate."
66,CT,Connecticut,S,S8CT00113,,Dominic,Rapini,"Rapini, Dominic",,R,"30,624",23.46%,,,,,,,,,,"* A candidate is endorsed by the party at the party convention.  A primary election is only held if a qualified challenger to the party endorsed candidate receives 15% of the delegate votes on roll call at the convention and files for a primary, or, if after the convention, a challenger files a requisite number of petitions to qualify for primary ballot access.  Otherwise, the party endorsed candidate is the nominee.  The Republican convention for the U.S. Senate was held on May 11, 2018, and the Democratic convention for the U.S. Senate was held on May 18, 2018.  An asterisk denotes the party’s endorsed candidate."
67,CT,Connecticut,S,S8CT00154,,Joe,Visconti,"Visconti, Joe",,R,,,,,,,,,,,,"* A candidate is endorsed by the party at the party convention.  A primary election is only held if a qualified challenger to the party endorsed candidate receives 15% of the delegate votes on roll call at the convention and files for a primary, or, if after the convention, a challenger files a requisite number of petitions to qualify for primary ballot access.  Otherwise, the party endorsed candidate is the nominee.  The Republican convention for the U.S. Senate was held on May 11, 2018, and the Democratic convention for the U.S. Senate was held on May 18, 2018.  An asterisk denotes the party’s endorsed candidate."
68,CT,Connecticut,S,n/a,,,,,Party Votes:,R,"130,523",,,,,,,,,,,
69,CT,Connecticut,S,S0CT00250,,Jeff,Russell,"Russell, Jeff",,GRE,,,,,"6,618",0.48%,,,,,,
70,CT,Connecticut,S,S6CT05124,,Richard,Lion,"Lion, Richard",,LIB,,,,,"8,838",0.64%,,,,,,
71,CT,Connecticut,S,S8CT00147,,Fred,Linck,"Linck, Fred",,W,,,,,70,0.01%,,,,,,
72,CT,Connecticut,S,n/a,,Kristi L.,Talmadge,"Talmadge, Kristi L.",,W,,,,,18,0.00%,,,,,,
73,CT,Connecticut,S,n/a,,,,,Total State Votes:,,"130,523",,,,"1,386,840",,,,,,,
74,,,,,,,,,,,,,,,,,,,,,,
75,DE,Delaware,S,S8DE00079,(I),Thomas R.,Carper,"Carper, Thomas R.",,D,"53,635",64.59%,,,"217,385",59.95%,,,,,W,
76,DE,Delaware,S,S8DE00137,,Kerri Evelyn,Harris,"Harris, Kerri Evelyn",,D,"29,407",35.41%,,,,,,,,,,
77,DE,Delaware,S,n/a,,,,,Party Votes:,D,"83,042",,,,,,,,,,,
78,DE,Delaware,S,S8DE00145,,Robert B.,Arlett,"Arlett, Robert B.",,R,"25,284",66.77%,,,"137,127",37.82%,,,,,,
79,DE,Delaware,S,S8DE00129,,"Eugene J., Jr.",Truono,"Truono, Eugene J., Jr.",,R,"10,588",27.96%,,,,,,,,,,
80,DE,Delaware,S,S8DE00178,,Roque Rocky,De La Fuente,"De La Fuente, Roque Rocky",,R,"1,998",5.28%,,,,,,,,,,
81,DE,Delaware,S,n/a,,,,,Party Votes:,R,"37,870",,,,,,,,,,,
82,DE,Delaware,S,S8DE00152,,Demitri G.,Theodoropoulos,"Theodoropoulos, Demitri G.",,GRE,,,,,"4,170",1.15%,,,,,,
83,DE,Delaware,S,S8DE00160,,Nadine M.,Frost,"Frost, Nadine M.",,LIB,,,,,"3,910",0.00%,,,,,,
84,DE,Delaware,S,n/a,,Peter Todd,Farina,"Farina, Peter Todd",,W,,,,,7,0.00%,,,,,,
85,DE,Delaware,S,S8DE00186,,Matthew Water,Stout,"Stout, Matthew Water",,W,,,,,4,0.00%,,,,,,
86,DE,Delaware,S,n/a,,Barry,Eveland,"Eveland, Barry",,W,,,,,3,0.00%,,,,,,
87,DE,Delaware,S,n/a,,,,,Total State Votes:,,"120,912",,,,"362,606",,,,,,,
88,,,,,,,,,,,,,,,,,,,,,,
89,FL,Florida,S,S8FL00273,,Rick,Scott,"Scott, Rick",,R,"1,456,187",88.61%,,,"4,099,505",50.05%,,,,,W,
90,FL,Florida,S,S8FL00299,,"Roque ""Rocky""",De La Fuente,"De La Fuente, Roque ""Rocky""",,R,"187,209",11.39%,,,,,,,,,,
91,FL,Florida,S,n/a,,,,,Party Votes:,R,"1,643,396",,,,,,,,,,,
92,FL,Florida,S,S8FL00166,(I),Bill,Nelson,"Nelson, Bill",,D,Unopposed,,,,"4,089,472",49.93%,,,,,,
93,FL,Florida,S,S6FL00277,,Lateresa L.A.,Jones,"Jones, Lateresa L.A.",,W,,,,,467,0.01%,,,,,,
94,FL,Florida,S,S0FL00247,,David,Weeks,"Weeks, David",,W,,,,,220,0.00%,,,,,,
95,FL,Florida,S,S6FL00533,,Charles Frederick,Tolbert,"Tolbert, Charles Frederick",,W,,,,,121,0.00%,,,,,,
96,FL,Florida,S,S0FL00544,,Howard,Knepper,"Knepper, Howard",,W,,,,,113,0.00%,,,,,,
97,FL,Florida,S,n/a,,Michael S.,Levinson,"Levinson, Michael S.",,W,,,,,107,0.00%,,,,,,
98,FL,Florida,S,n/a,,,,,Total State Votes:,,"1,643,396",,,,"8,190,005",,,,,,,
99,,,,,,,,,,,,,,,,,,,,,,
100,HI,Hawaii,S,S2HI00106,(I),Mazie K.,Hirono,"Hirono, Mazie K.",,D,"201,679",100.00%,,,"276,316",71.15%,,,,,W,
101,HI,Hawaii,S,n/a,,,,,Party Votes:,D,"201,679",,,,,,,,,,,
102,HI,Hawaii,S,S8HI00210,,Ron,Curtis,"Curtis, Ron",,R,"6,370",23.73%,,,"112,035",28.85%,,,,,,
103,HI,Hawaii,S,S8HI00194,,Consuelo,Anderson,"Anderson, Consuelo",,R,"5,172",19.26%,,,,,,,,,,
104,HI,Hawaii,S,S8HI00236,,"Robert C., Sr.",Helsham,"Helsham, Robert C., Sr.",,R,"3,988",14.85%,,,,,,,,,,
105,HI,Hawaii,S,S8HI00186,,Thomas E.,White,"White, Thomas E.",,R,"3,661",13.64%,,,,,,,,,,
106,HI,Hawaii,S,S8HI00228,,Rocky Mamaka,De La Fuente,"De La Fuente, Rocky Mamaka",,R,"3,065",11.42%,,,,,,,,,,
107,HI,Hawaii,S,S8HI00202,,George L.,Berish,"Berish, George L.",,R,"1,658",6.18%,,,,,,,,,,
108,HI,Hawaii,S,S8HI00244,,Michael R.,Hodgkiss,"Hodgkiss, Michael R.",,R,"1,576",5.87%,,,,,,,,,,
109,HI,Hawaii,S,S6HI00222,,Eddie,Pirkowski,"Pirkowski, Eddie",,R,"1,358",5.06%,,,,,,,,,,
110,HI,Hawaii,S,n/a,,,,,Party Votes:,R,"26,848",,,,,,,,,,,
111,HI,Hawaii,S,S0HI00118,,Arturo Pacheco,Reyes,"Reyes, Arturo Pacheco",,N,441,38.02%,,,,,,,,,,
112,HI,Hawaii,S,S8HI00251,,Charles (Charlie),Haverty,"Haverty, Charles (Charlie)",,N,416,35.86%,,,,,,,,,,
113,HI,Hawaii,S,S8HI00269,,Matthew K.,Maertens,"Maertens, Matthew K.",,N,303,26.12%,,,,,,,,,,
114,HI,Hawaii,S,n/a,,,,,Party Votes:,N,"1,160",,,,,,,,,,,
115,HI,Hawaii,S,n/a,,,,,Total State Votes:,,"229,687",,,,"388,351",,,,,,,
116,,,,,,,,,,,,,,,,,,,,,,
117,IN,Indiana,S,S8IN00171,,Mike,Braun,"Braun, Mike",,R,"208,602",41.17%,,,"1,158,000",50.73%,,,,,W,
118,IN,Indiana,S,S8IN00189,,Todd,Rokita,"Rokita, Todd",,R,"151,967",29.99%,,,,,,,,,,
119,IN,Indiana,S,S8IN00163,,Luke,Messer,"Messer, Luke",,R,"146,131",28.84%,,,,,,,,,,
120,IN,Indiana,S,n/a,,,,,Party Votes:,R,"506,700",,,,,,,,,,,
121,IN,Indiana,S,S2IN00091,(I),Joe,Donnelly,"Donnelly, Joe",,D,"284,621",100.00%,,,"1,023,553",44.84%,,,,,,
122,IN,Indiana,S,n/a,,,,,Party Votes:,D,"284,621",,,,,,,,,,,
123,IN,Indiana,S,S6IN00225,,Lucy M.,Brenton,"Brenton, Lucy M.",,LIB,*,,,,"100,942",4.42%,,,,,,"* The Libertarian Party nominated by convention on May 5, 2018.  Convention nominee is noted with an asterisk."
124,IN,Indiana,S,S8IN00213,,Nathan,Altman,"Altman, Nathan",,W,,,,,52,0.00%,,,,,,
125,IN,Indiana,S,S8IN00221,,Christopher,Fischer,"Fischer, Christopher",,W,,,,,12,0.00%,,,,,,
126,IN,Indiana,S,S2IN00117,,"James L., Jr.",Johnson,"Johnson, James L., Jr.",,W,,,,,6,0.00%,,,,,,
127,IN,Indiana,S,n/a,,,,,Total State Votes:,,"791,321",,,,"2,282,565",,,,,,,
128,,,,,,,,,,,,,,,,,,,,,,
129,ME,Maine,S,S2ME00109,(I),"Angus S., Jr.",King,"King, Angus S., Jr.",,IND,,,,,"344,575",54.31%,,,,,W,
130,ME,Maine,S,S8ME00130,,Eric L.,Brakey,"Brakey, Eric L.",,R,"59,853",100.00%,,,"223,502",35.23%,,,,,,
131,ME,Maine,S,n/a,,,,,Party Votes:,R,"59,853",,,,,,,,,,,
132,ME,Maine,S,S8ME00155,,Zak,Ringelstein,"Ringelstein, Zak",,D,"89,841",100.00%,,,"66,268",10.45%,,,,,,
133,ME,Maine,S,n/a,,,,,Party Votes:,D,"89,841",,,,,,,,,,,
134,ME,Maine,S,S8ME00171,,"James N., Jr.",Riley,"Riley, James N., Jr.",,W,,,,,64,0.01%,,,,,,
135,ME,Maine,S,n/a,,,,,Total State Votes:,,"149,694",,,,"634,409",,,,,,,
136,,,,,,,,,,,,,,,,,,,,,,
137,MD,Maryland,S,S6MD03177,(I),Ben,Cardin,"Cardin, Ben",,D,"477,441",80.28%,,,"1,491,614",64.86%,,,,,W,
138,MD,Maryland,S,S8MD00260,,Chelsea,Manning,"Manning, Chelsea",,D,"34,611",5.82%,,,,,,,,,,
139,MD,Maryland,S,S8MD00252 ,,"Jerome  ""Jerry""",Segal,"Segal, Jerome  ""Jerry""",,D,"20,027",3.37%,,,,,,,,,,
140,MD,Maryland,S,S8MD00278,," Debbie ""Rica""",Wilson,"Wilson,  Debbie ""Rica""",,D,"18,953",3.19%,,,,,,,,,,
141,MD,Maryland,S,S8MD00385,,Marcia H.,Morgan,"Morgan, Marcia H.",,D,"16,047",2.70%,,,,,,,,,,
142,MD,Maryland,S,S6MD03375,,Lih,Young,"Young, Lih",,D,"9,874",1.66%,,,,,,,,,,
143,MD,Maryland,S,S8MD00245 ,," Richard ""Rikki""",Vaughn,"Vaughn,  Richard ""Rikki""",,D,"9,480",1.59%,,,,,,,,,,
144,MD,Maryland,S,S8MD00286,,Erik ,Jetmir,"Jetmir, Erik ",,D,"8,259",1.39%,,,,,,,,,,
145,MD,Maryland,S,n/a,,,,,Party Votes:,D,"594,692",,,,,,,,,,,
146,MD,Maryland,S,S8MD00328 ,,Tony ,Cambell,"Cambell, Tony ",,R,"51,426",29.22%,,,"697,017",30.31%,,,,,,
147,MD,Maryland,S,S6MD03557,,Chris,Chaffee,"Chaffee, Chris",,R,"42,328",24.05%,,,,,,,,,,
148,MD,Maryland,S,S8MD00336 ,,Christina J. ,Grigorian,"Grigorian, Christina J. ",,R,"30,756",17.48%,,,,,,,,,,
149,MD,Maryland,S,S6MD03573,,John,Graziani,"Graziani, John",,R,"15,435",8.77%,,,,,,,,,,
150,MD,Maryland,S,S2MD00438,,Blaine,Taylor,"Taylor, Blaine",,R,"8,848",5.03%,,,,,,,,,,
151,MD,Maryland,S,S8MD00377,,"Gerald I., Jr.",Smith,"Smith, Gerald I., Jr.",,R,"7,564",4.30%,,,,,,,,,,
152,MD,Maryland,S,S2MD00487,,Brian Charles,Vaeth,"Vaeth, Brian Charles",,R,"5,411",3.07%,,,,,,,,,,
153,MD,Maryland,S,S8MD00344,,Evan M.,Cronhardt,"Cronhardt, Evan M.",,R,"4,445",2.53%,,,,,,,,,,
154,MD,Maryland,S,S8MD00369,,Bill,Krehnbrink,"Krehnbrink, Bill",,R,"3,606",2.05%,,,,,,,,,,
155,MD,Maryland,S,S8MD00351,,Nnabu,Eze,"Eze, Nnabu",,R,"3,442",1.96%,,,,,,,,,,
156,MD,Maryland,S,S8MD00310,,Albert Binyahmin,Howard,"Howard, Albert Binyahmin",,R,"2,720",1.55%,,,,,,,,,,
157,MD,Maryland,S,n/a,,,,,Party Votes:,R,"175,981",,,,,,,,,,,
158,MD,Maryland,S,S8MD00302,,Neal,Simon,"Simon, Neal",,UN,,,,,"85,964",3.74%,,,,,,
159,MD,Maryland,S,S6MD03664,,Arvin,Vohra,"Vohra, Arvin",,LIB,*,,,,"22,943",1.00%,,,,,,"*  The Libertarian Party state convention was March 10, 2018.  Convention nominee is noted with an asterisk."
160,MD,Maryland,S,n/a,,,Scattered,Scattered,,W,,,,,"1,650",0.07%,,,,,,
161,MD,Maryland,S,S6MD03375,,Lih,Young,"Young, Lih",,W,,,,,364,0.02%,,,,,,
162,MD,Maryland,S,S8MD00393,,Michael B.,Puskar,"Puskar, Michael B.",,W,,,,,247,0.01%,,,,,,
163,MD,Maryland,S,S6MD03649,,Edward,Shlikas,"Shlikas, Edward",,W,,,,,90,0.00%,,,,,,
164,MD,Maryland,S,n/a,,,,,Total State Votes:,,"770,673",,,,"2,299,889",,,,,,,
165,,,,,,,,,,,,,,,,,,,,,,
166,MA,Massachusetts,S,S2MA00170,(I),Elizabeth A.,Warren,"Warren, Elizabeth A.",,D,"590,835",98.08%,,,"1,633,371",60.34%,,,,,W,
167,MA,Massachusetts,S,n/a,,,All Others,All Others,,W(D),"11,558",1.92%,,,,,,,,,,
168,MA,Massachusetts,S,n/a,,,,,Party Votes:,D,"602,393",,,,,,,,,,,
169,MA,Massachusetts,S,S8MA00276,,Geoff,Diehl,"Diehl, Geoff",,R,"144,043",55.15%,,,"979,210",36.17%,,,,,,
170,MA,Massachusetts,S,S8MA00318,,John,Kingston,"Kingston, John",,R,"69,636",26.66%,,,,,,,,,,
171,MA,Massachusetts,S,S8MA00326,,Beth Joyce,Lindstrom,"Lindstrom, Beth Joyce",,R,"46,693",17.88%,,,,,,,,,,
172,MA,Massachusetts,S,n/a,,,All Others,All Others,,W(R),798,0.31%,,,,,,,,,,
173,MA,Massachusetts,S,n/a,,,,,Party Votes:,R,"261,170",,,,,,,,,,,
174,MA,Massachusetts,S,S8MA00268,,Shiva,Ayyadurai,"Ayyadurai, Shiva",,U,,,,,"91,710",3.39%,,,,,,
175,MA,Massachusetts,S,n/a,,,All Others,All Others,,W,,,,,"2,799",0.10%,,,,,,
176,MA,Massachusetts,S,n/a,,,,,Total State Votes:,,"863,563",,,,"2,707,090",,,,,,,
177,,,,,,,,,,,,,,,,,,,,,,
178,MI,Michigan,S,S8MI00281,(I),Debbie,Stabenow,"Stabenow, Debbie",,D,"1,045,450",100.00%,,,"2,214,478",52.26%,,,,,W,
179,MI,Michigan,S,n/a,,,,,Party Votes:,D,"1,045,450",,,,,,,,,,,
180,MI,Michigan,S,S8MI00372,,John,James,"James, John",,R,"518,564",54.67%,,,"1,938,818",45.76%,,,,,,
181,MI,Michigan,S,S8MI00414,,Sandy,Pensler,"Pensler, Sandy",,R,"429,885",45.32%,,,,,,,,,,
182,MI,Michigan,S,n/a,,William F.,White,"White, William F.",,W(R),57,0.01%,,,,,,,,,,
183,MI,Michigan,S,n/a,,,,,Party Votes:,R,"948,506",,,,,,,,,,,
184,MI,Michigan,S,S8MI00430,,Marcia,Squier,"Squier, Marcia",,GRE,*,,,,"40,204",0.95%,,,,,,"*  The Green Party nominated by convention on May 6, 2018, the Natural Law Party nominated by convention on August 1, 2018, and the U.S. Taxpayers Party nominated by convention on July 14, 2018.  Convention nominees are noted with an asterisk."
185,MI,Michigan,S,S8MI00455,,"George E., III",Huffman,"Huffman, George E., III",,UST,*,,,,"27,251",0.64%,,,,,,"*  The Green Party nominated by convention on May 6, 2018, the Natural Law Party nominated by convention on August 1, 2018, and the U.S. Taxpayers Party nominated by convention on July 14, 2018.  Convention nominees are noted with an asterisk."
186,MI,Michigan,S,S8MI00448,,John Howard,Wilhelm,"Wilhelm, John Howard",,NLP,*,,,,"16,502",0.39%,,,,,,"*  The Green Party nominated by convention on May 6, 2018, the Natural Law Party nominated by convention on August 1, 2018, and the U.S. Taxpayers Party nominated by convention on July 14, 2018.  Convention nominees are noted with an asterisk."
187,MI,Michigan,S,n/a,,Tom,Bagwell,"Bagwell, Tom",,W,,,,,10,0.00%,,,,,,
188,MI,Michigan,S,S8MI00422,,Valerie L.,Willis,"Willis, Valerie L.",,W,,,,,5,0.00%,,,,,,
189,MI,Michigan,S,n/a,,Tim,Yow,"Yow, Tim",,W(LIB)/W,152,100.00%,,,3,0.00%,,,,,,
190,MI,Michigan,S,n/a,,,,,Party Votes:,LIB,152,,,,,,,,,,,
191,MI,Michigan,S,n/a,,,,,Total State Votes:,,"1,994,108",,,,"4,237,271",,,,,,,
192,,,,,,,,,,,,,,,,,,,,,,
193,MN,Minnesota,S-FULL TERM,S6MN00267,(I),Amy ,Klobuchar,"Klobuchar, Amy ",,DFL,"557,306",95.70%,,,"1,566,174",60.31%,,,,,W,
194,MN,Minnesota,S-FULL TERM,S4MN00437,,Steve ,Carlson,"Carlson, Steve ",,DFL,"9,934",1.71%,,,,,,,,,,
195,MN,Minnesota,S-FULL TERM,S8MN00669,,Stephen A. ,Emery,"Emery, Stephen A. ",,DFL,"7,047",1.21%,,,,,,,,,,
196,MN,Minnesota,S-FULL TERM,S8MN00701,,David Robert ,Groves,"Groves, David Robert ",,DFL,"4,511",0.77%,,,,,,,,,,
197,MN,Minnesota,S-FULL TERM,S8MN00206,,Leonard J. ,Richards,"Richards, Leonard J. ",,DFL,"3,552",0.61%,,,,,,,,,,
198,MN,Minnesota,S-FULL TERM,n/a,,,,,Party Votes:,DFL,"582,350",,,,,,,,,,,
199,MN,Minnesota,S-FULL TERM,S8MN00552,,Jim ,Newberger,"Newberger, Jim ",,R,"201,531",69.50%,,,"940,437",36.21%,,,,,,
200,MN,Minnesota,S-FULL TERM,S8MN00644,,Merrill ,Anderson,"Anderson, Merrill ",,R,"45,492",15.69%,,,,,,,,,,
201,MN,Minnesota,S-FULL TERM,S8MN00677,,Rae Hart ,Anderson,"Anderson, Rae Hart ",,R,"25,883",8.93%,,,,,,,,,,
202,MN,Minnesota,S-FULL TERM,S8MN00719,,"Roque ""Rocky"" ",De La Fuente,"De La Fuente, Roque ""Rocky"" ",,R,"17,051",5.88%,,,,,,,,,,
203,MN,Minnesota,S-FULL TERM,n/a,,,,,Party Votes:,R,"289,957",,,,,,,,,,,
204,MN,Minnesota,S-FULL TERM,S8MN00727,,Dennis,Schuller,"Schuller, Dennis",,LMN,,,,,"66,236",2.55%,,,,,,
205,MN,Minnesota,S-FULL TERM,S6MN00416,,Paula M.,Overby,"Overby, Paula M.",,MGR,,,,,"23,101",0.89%,,,,,,
206,MN,Minnesota,S-FULL TERM,n/a,,,Scattered,Scattered,,W,,,,,872,0.03%,,,,,,
207,MN,Minnesota,S-FULL TERM,n/a,,Stephen A. ,Emery,"Emery, Stephen A. ",,W,,,,,51,0.00%,,,,,,
208,MN,Minnesota,S-FULL TERM,n/a,,Tim,Meier,"Meier, Tim",,W,,,,,5,0.00%,,,,,,
209,MN,Minnesota,S-FULL TERM,n/a,,Steve ,Carlson,"Carlson, Steve ",,W,,,,,3,0.00%,,,,,,
210,MN,Minnesota,S-FULL TERM,n/a,,,,,Total Full Term State Votes:,,"872,307",,,,"2,596,879",,,,,,,
211,,,,,,,,,,,,,,,,,,,,,,
212,MN,Minnesota,S-UNEXPIRED TERM,n/a,,,,,,,,,,,,,,,,,,
213,MN,Minnesota,S-UNEXPIRED TERM,S8MN00578,(I),Tina ,Smith,"Smith, Tina",,DFL,"433,705",76.06%,,,"1,370,540",52.97%,,,,,W,"#  Tina Smith was appointed as a Democrat to the United States Senate to fill the vacancy caused by the resignation of Sen. Al Franken and took the oath of office on January 3, 2018."
214,MN,Minnesota,S-UNEXPIRED TERM,S8MN00628,,Richard W.,Painter,"Painter, Richard W.",,DFL,"78,193",13.71%,,,,,,,,,,
215,MN,Minnesota,S-UNEXPIRED TERM,S8MN00651,,Ali Chehem ,Ali,"Ali, Ali Chehem ",,DFL,"18,897",3.31%,,,,,,,,,,
216,MN,Minnesota,S-UNEXPIRED TERM,S0MN00203,,Gregg A. ,Iverson,"Iverson, Gregg A. ",,DFL,"17,825",3.13%,,,,,,,,,,
217,MN,Minnesota,S-UNEXPIRED TERM,S8MN00602,,Nick ,Leonard,"Leonard, Nick ",,DFL,"16,529",2.90%,,,,,,,,,,
218,MN,Minnesota,S-UNEXPIRED TERM,S8MN00685,,"Christopher Lovell, Sr.",Seymore,"Seymore, Christopher Lovell, Sr.",,DFL,"5,041",0.88%,,,,,,,,,,
219,MN,Minnesota,S-UNEXPIRED TERM,n/a,,,,,Party Votes:,DFL,"570,190",,,,,,,,,,,
220,MN,Minnesota,S-UNEXPIRED TERM,S8MN00586,,Karin ,Housley,"Housley, Karin ",,R,"186,384",61.95%,,,"1,095,777",42.35%,,,,,,
221,MN,Minnesota,S-UNEXPIRED TERM,S8MN00594,,Bob ,Anderson,"Anderson, Bob ",,R,"107,102",35.60%,,,,,,,,,,
222,MN,Minnesota,S-UNEXPIRED TERM,S4MN00338,,Nikolay Nikolayevich ,Bey,"Bey, Nikolay Nikolayevich ",,R,"7,375",2.45%,,,,,,,,,,
223,MN,Minnesota,S-UNEXPIRED TERM,n/a,,,,,Party Votes:,R,"300,861",,,,,,,,,,,
224,MN,Minnesota,S-UNEXPIRED TERM,S8MN00735,,Sarah,Wellington,"Wellington, Sarah",,LMN,,,,,"95,614",3.70%,,,,,,
225,MN,Minnesota,S-UNEXPIRED TERM,S8MN00636,,Jerry ,Trooien,"Trooien, Jerry ",,UN,,,,,"24,324",0.94%,,,,,,
226,MN,Minnesota,S-UNEXPIRED TERM,n/a,,,Scattered,Scattered,,W,,,,,"1,089",0.04%,,,,,,
227,MN,Minnesota,S-UNEXPIRED TERM,S8MN00339,,Stephen A. ,Emery,"Emery, Stephen A. ",,W,,,,,6,0.00%,,,,,,
228,MN,Minnesota,S-UNEXPIRED TERM,S8MN00438,,Mike,Kuitu,"Kuitu, Mike",,W,,,,,3,0.00%,,,,,,
229,MN,Minnesota,S-UNEXPIRED TERM,n/a,,Tim,Nelson,"Nelson, Tim",,W,,,,,2,0.00%,,,,,,
230,MN,Minnesota,S-UNEXPIRED TERM,n/a,,Kevin,Hartnett O'Connor,"Hartnett O'Connor, Kevin",,W,,,,,1,0.00%,,,,,,
231,MN,Minnesota,S-UNEXPIRED TERM,n/a,,,,,Total Unexpired Term State Votes:,,"871,051",,,,"2,587,356",,,,,,,
232,,,,,,,,,,,,,,,,,,,,,,
233,MS,Mississippi,S-FULL TERM,S8MS00196,(I),Roger F.,Wicker,"Wicker, Roger F.",,R,"130,118",82.79%,,,"547,619",58.49%,,,,,W,
234,MS,Mississippi,S-FULL TERM,S8MS00238,,Richard Warren,Boyanton,"Boyanton, Richard Warren",,R,"27,052",17.21%,,,,,,,,,,
235,MS,Mississippi,S-FULL TERM,n/a,,,,,Party Votes:,R,"157,170",,,,,,,,,,,
236,MS,Mississippi,S-FULL TERM,S8MS00253,,David,Baria,"Baria, David",,D,"27,244",30.98%,"44,156",58.64%,"369,567",39.47%,,,,,,
237,MS,Mississippi,S-FULL TERM,S8MS00246,,Howard,Sherman,"Sherman, Howard",,D,"27,957",31.79%,"31,149",41.36%,,,,,,,,
238,MS,Mississippi,S-FULL TERM,S8MS00311,,Omeria,Scott,"Scott, Omeria",,D,"21,278",24.20%,,,,,,,,,,
239,MS,Mississippi,S-FULL TERM,S8MS00329,,"Victor G., Jr.",Maurice,"Maurice, Victor G., Jr.",,D,"4,361",4.96%,,,,,,,,,,
240,MS,Mississippi,S-FULL TERM,S8MS00279,,Jerone,Garland,"Garland, Jerone",,D,"4,266",4.85%,,,,,,,,,,
241,MS,Mississippi,S-FULL TERM,S8MS00220,,Jensen,Bohren,"Bohren, Jensen",,D,"2,825",3.21%,,,,,,,,,,
242,MS,Mississippi,S-FULL TERM,n/a,,,,,Party Votes:,D,"87,931",,"75,305",,,,,,,,,
243,MS,Mississippi,S-FULL TERM,S8MS00337,,Danny,Bedwell,"Bedwell, Danny",,LIB,,,,,"12,981",1.39%,,,,,,
244,MS,Mississippi,S-FULL TERM,S4MS00062,,Shawn ,O'Hara,"O'Hara, Shawn ",,REF,,,,,"6,048",0.65%,,,,,,
245,MS,Mississippi,S-FULL TERM,S8MS00337,,Danny,Bedwell,"Bedwell, Danny",,LIB,Unopposed,,,,,,,,,,,
246,MS,Mississippi,S-FULL TERM,S4MS00062,,Shawn ,O'Hara,"O'Hara, Shawn ",,REF,Unopposed,,,,,,,,,,,
247,MS,Mississippi,S-FULL TERM,n/a,,,,,Total Full Term State Votes:,,"245,101",,"75,305",,"936,215",,,,,,,
248,MS,Mississippi,S-UNEXPIRED TERM,S8MS00261,(I),Cindy,Hyde-Smith,"Hyde-Smith, Cindy",,N,,,,,"389,995",41.25%,"486,769",53.63%,,,W,"#  Cindy Hyde-Smith Smith was appointed as a Republican to fill the vacancy caused by the resignation of Sen. Thad Cochran and took the oath of office on April 9, 2018.  A special general runoff election was held on November 27, 2018."
249,MS,Mississippi,S-UNEXPIRED TERM,S8MS00287,,Mike,Espy,"Espy, Mike",,N,,,,,"386,742",40.90%,"420,819",46.37%,,,," *  A special general runoff election was held on November 27, 2018."
250,MS,Mississippi,S-UNEXPIRED TERM,S4MS00120,,Chris,McDaniel,"McDaniel, Chris",,N,,,,,"154,878",16.38%,,,,,,
251,MS,Mississippi,S-UNEXPIRED TERM,S8MS00295,,Tobey Bernard,Bartee,"Bartee, Tobey Bernard",,N,,,,,"13,852",1.47%,,,,,,
252,MS,Mississippi,S-UNEXPIRED TERM,n/a,,,,,Total Unexpired Term State Votes:,,,,,,"945,467",,"907,588",,,,,
253,,,,,,,,,,,,,,,,,,,,,,
254,MO,Missouri,S,S8MO00160,,Josh,Hawley,"Hawley, Josh",,R,"389,878",58.64%,,,"1,254,927",51.38%,,,,,W,
255,MO,Missouri,S,S8MO00137,,Tony,Monetti,"Monetti, Tony",,R,"64,834",9.75%,,,,,,,,,,
256,MO,Missouri,S,S8MO00145,,Austin,Petersen,"Petersen, Austin",,R,"54,916",8.26%,,,,,,,,,,
257,MO,Missouri,S,S0MO00290,,Kristi,Nichols,"Nichols, Kristi",,R,"49,640",7.47%,,,,,,,,,,
258,MO,Missouri,S,S8MO00301,,Christina,Smith,"Smith, Christina",,R,"35,024",5.27%,,,,,,,,,,
259,MO,Missouri,S,S8MO00285,,Ken,Patterson,"Patterson, Ken",,R,"19,579",2.94%,,,,,,,,,,
260,MO,Missouri,S,S8MO00293,,Peter,Pfeifer,"Pfeifer, Peter",,R,"16,594",2.50%,,,,,,,,,,
261,MO,Missouri,S,S8MO00178,,Courtland,Sykes,"Sykes, Courtland",,R,"13,870",2.09%,,,,,,,,,,
262,MO,Missouri,S,S6MO00453,,Fred,Ryman,"Ryman, Fred",,R,"8,781",1.32%,,,,,,,,,,
263,MO,Missouri,S,S8MO00277,,Brian G.,Hagg,"Hagg, Brian G.",,R,"6,871",1.03%,,,,,,,,,,
264,MO,Missouri,S,S8MO00210,,Bradley,Krembs,"Krembs, Bradley",,R,"4,902",0.74%,,,,,,,,,,
265,MO,Missouri,S,n/a,,,,,Party Votes:,R,"664,889",,,,,,,,,,,
266,MO,Missouri,S,S6MO00305,(I),Claire,McCaskill,"McCaskill, Claire",,D,"501,872",82.60%,,,"1,112,935",45.57%,,,,,,
267,MO,Missouri,S,S8MO00269,,Carla (Coffee),Wright,"Wright, Carla (Coffee)",,D,"41,126",6.77%,,,,,,,,,,
268,MO,Missouri,S,S8MO00228,,David,Faust,"Faust, David",,D,"15,984",2.63%,,,,,,,,,,
269,MO,Missouri,S,S8MO00244,,John,Hogan,"Hogan, John",,D,"15,958",2.63%,,,,,,,,,,
270,MO,Missouri,S,S8MO00186,,Angelica,Earl,"Earl, Angelica",,D,"15,500",2.55%,,,,,,,,,,
271,MO,Missouri,S,S8MO00236,,Travis ,Gonzalez,"Gonzalez, Travis ",,D,"9,480",1.56%,,,,,,,,,,
272,MO,Missouri,S,S8MO00251,,"Leonard Joseph, II",Steinman,"Steinman, Leonard Joseph, II",,D,"7,657",1.26%,,,,,,,,,,
273,MO,Missouri,S,n/a,,,,,Party Votes:,D,"607,577",,,,,,,,,,,
274,MO,Missouri,S,S8MO00202,,Craig,O'Dear,"O'Dear, Craig",,IND,,,,,"34,398",1.41%,,,,,,
275,MO,Missouri,S,S8MO00152,,Japheth,Campbell,"Campbell, Japheth",,LIB,"5,380",100.00%,,,"27,316",1.12%,,,,,,
276,MO,Missouri,S,n/a,,,,,Party Votes:,LIB,"5,380",,,,,,,,,,,
277,MO,Missouri,S,S8MO00327,,Jo,Crain,"Crain, Jo",,GRE,906,58.04%,,,"12,706",0.52%,,,,,,
278,MO,Missouri,S,S8MO00319,,Jerome,Bauer,"Bauer, Jerome",,GRE,655,41.96%,,,,,,,,,,
279,MO,Missouri,S,n/a,,,,,Party Votes:,GRE,"1,561",,,,,,,,,,,
280,MO,Missouri,S,n/a,,Gina,Bufe,"Bufe, Gina",,W,,,,,4,0.00%,,,,,,
281,MO,Missouri,S,n/a,,Martin Luther,Dzerzhinsky Lindstedt,"Dzerzhinsky Lindstedt, Martin Luther",,W,,,,,2,0.00%,,,,,,
282,MO,Missouri,S,n/a,,Rodney,Stock,"Stock, Rodney",,W,,,,,1,0.00%,,,,,,
283,MO,Missouri,S,n/a,,,,,Total State Votes:,,"1,279,407",,,,"2,442,289",,,,,,,
284,,,,,,,,,,,,,,,,,,,,,,
285,MT,Montana,S,S6MT00162,(I),Jon,Tester,"Tester, Jon",,D,"114,948",100.00%,,,"253,876",50.33%,,,,,W,
286,MT,Montana,S,n/a,,,Scattered,Scattered,,W(D),5,0.00%,,,,,,,,,,
287,MT,Montana,S,n/a,,,,,Party Votes:,D,"114,953",,,,,,,,,,,
288,MT,Montana,S,S8MT00234,,Matt,Rosendale,"Rosendale, Matt",,R,"51,859",33.82%,,,"235,963",46.78%,,,,,,
289,MT,Montana,S,S8MT00275,,Russ,Fagg,"Fagg, Russ",,R,"43,465",28.34%,,,,,,,,,,
290,MT,Montana,S,S8MT00218,,Troy,Downing,"Downing, Troy",,R,"29,341",19.13%,,,,,,,,,,
291,MT,Montana,S,S8MT00200,,Albert,Olszewski,"Olszewski, Albert",,R,"28,681",18.70%,,,,,,,,,,
292,MT,Montana,S,n/a,,Jon,Tester,"Tester, Jon",,W(R),5,0.00%,,,,,,,,,,
293,MT,Montana,S,n/a,,,Scattered,Scattered,,W(R),4,0.00%,,,,,,,,,,
294,MT,Montana,S,n/a,,,,,Party Votes:,R,"153,355",,,,,,,,,,,
295,MT,Montana,S,S8MT00309,,Rick,Breckenridge,"Breckenridge, Rick",,LIB,Unopposed,,,,"14,545",2.88%,,,,,,
296,MT,Montana,S,S8MT00283,,Steve,Kelly,"Kelly, Steve",,GRE,971,60.50%,,,,,,,,,,
297,MT,Montana,S,S8MT00291,,Timothy,Adams,"Adams, Timothy",,GRE,615,38.32%,,,,,,,,,,
298,MT,Montana,S,n/a,,Susan,Smith,"Smith, Susan",,W(GRE),10,0.62%,,,,,,,,,,
299,MT,Montana,S,n/a,,,Scattered,Scattered,,W(GRE),9,0.56%,,,,,,,,,,
300,MT,Montana,S,n/a,,,,,Party Votes:,GRE,"1,605",,,,,,,,,,,
301,MT,Montana,S,n/a,,,,,Total State Votes:,,"269,913",,,,"504,384",,,,,,,
302,,,,,,,,,,,,,,,,,,,,,,
303,NE,Nebraska,S,S2NE00094,(I),Deb,Fischer,"Fischer, Deb",,R,"128,157",75.79%,,,"403,151",57.69%,,,,,W,
304,NE,Nebraska,S,S4NE00157,,Todd F.,Watson,"Watson, Todd F.",,R,"19,661",11.63%,,,,,,,,,,
305,NE,Nebraska,S,S8NE00190,,Jack,Heidel,"Heidel, Jack",,R,"9,413",5.57%,,,,,,,,,,
306,NE,Nebraska,S,S8NE00232,,Jeffrey Lynn,Stein,"Stein, Jeffrey Lynn",,R,"6,380",3.77%,,,,,,,,,,
307,NE,Nebraska,S,S8NE00208,,Dennis Frank,Macek,"Macek, Dennis Frank",,R,"5,483",3.24%,,,,,,,,,,
308,NE,Nebraska,S,n/a,,,,,Party Votes:,R,"169,094",,,,,,,,,,,
309,NE,Nebraska,S,S8NE00182,,Jane,Raybould,"Raybould, Jane",,D,"59,067",63.68%,,,"269,917",38.62%,,,,,,
310,NE,Nebraska,S,S8NE00216,,Chris,Janicek,"Janicek, Chris",,D,"18,752",20.22%,,,,,,,,,,
311,NE,Nebraska,S,S8NE00224,,Frank B.,Svoboda,"Svoboda, Frank B.",,D,"10,548",11.37%,,,,,,,,,,
312,NE,Nebraska,S,S8NE00141,,Larry,Marvin,"Marvin, Larry",,D,"4,393",4.74%,,,,,,,,,,
313,NE,Nebraska,S,n/a,,,,,Party Votes:,D,"92,760",,,,,,,,,,,
314,NE,Nebraska,S,S8NE00240,,Jim,Schultz,"Schultz, Jim",,LIB,"1,202",100.00%,,,"25,349",3.63%,,,,,,
315,NE,Nebraska,S,n/a,,,,,Party Votes:,LIB,"1,202",,,,,,,,,,,
316,NE,Nebraska,S,n/a,,,Scattered,Scattered,,W,,,,,466,0.07%,,,,,,
317,NE,Nebraska,S,n/a,,,,,Total State Votes:,,"263,056",,,,"698,883",,,,,,,
318,,,,,,,,,,,,,,,,,,,,,,
319,NV,Nevada,S,S8NV00156,,Jacky,Rosen,"Rosen, Jacky",,D,"110,567",77.11%,,,"490,071",50.41%,,,,,W,
320,NV,Nevada,S,n/a,,,None of These Candidates,None of These Candidates,,D,"10,078",7.03%,,,,,,,,,,
321,NV,Nevada,S,S8NV00198,,David Drew,Knight,"Knight, David Drew",,D,"6,346",4.43%,,,,,,,,,,
322,NV,Nevada,S,S6NV00309,,Allen,Rheinhart,"Rheinhart, Allen",,D,"4,782",3.33%,,,,,,,,,,
323,NV,Nevada,S,S8NV00149 ,,Jesse,Sbaih,"Sbaih, Jesse",,D,"4,540",3.17%,,,,,,,,,,
324,NV,Nevada,S,S6NV00234,,"Sujeet ""Bobby""",Mahendra,"Mahendra, Sujeet ""Bobby""",,D,"3,835",2.67%,,,,,,,,,,
325,NV,Nevada,S,S8NV00180 ,,Danny,Burleigh,"Burleigh, Danny",,D,"3,244",2.26%,,,,,,,,,,
326,NV,Nevada,S,n/a,,,,,Party Votes:,D,"143,392",,,,,,,,,,,
327,NV,Nevada,S,S2NV00183 ,(I),Dean,Heller,"Heller, Dean",,R,"99,509",69.97%,,,"441,202",45.38%,,,,,,
328,NV,Nevada,S,S6NV00275,,Tom,Heck,"Heck, Tom",,R,"26,296",18.49%,,,,,,,,,,
329,NV,Nevada,S,n/a,,,None of These Candidates,None of These Candidates,,R,"5,978",4.20%,,,,,,,,,,
330,NV,Nevada,S,S0NV00377,,Sherry,Brooks,"Brooks, Sherry",,R,"5,145",3.62%,,,,,,,,,,
331,NV,Nevada,S,S8NV00164,,Sarah,Gazala,"Gazala, Sarah",,R,"4,011",2.82%,,,,,,,,,,
332,NV,Nevada,S,S8NV00222,,Vic,Harrell,"Harrell, Vic",,R,"1,282",0.90%,,,,,,,,,,
333,NV,Nevada,S,n/a,,,,,Party Votes:,R,"142,221",,,,,,,,,,,
334,NV,Nevada,S,n/a,,,None of These Candidates,None of These Candidates,,,,,,,"15,303",1.57%,,,,,,
335,NV,Nevada,S,S8NV00214,,Barry,Michaels,"Michaels, Barry",,NPY,,,,,"9,269",0.95%,,,,,,
336,NV,Nevada,S,S8NV00206,,Tim,Hagan,"Hagan, Tim",,LIB,,,,,"9,196",0.95%,,,,,,
337,NV,Nevada,S,S8NV00230,,Kamau A.,Bakari,"Bakari, Kamau A.",,IAP,,,,,"7,091",0.73%,,,,,,
338,NV,Nevada,S,n/a,,,,,Total State Votes:,,"285,613",,,,"972,132",,,,,,,
339,,,,,,,,,,,,,,,,,,,,,,
340,NJ,New Jersey,S,S6NJ00289,(I),Robert ,Menendez,"Menendez, Robert ",,D,"262,477",62.28%,,,"1,711,654",54.01%,,,,,W,
341,NJ,New Jersey,S,S8NJ00525,,Lisa A.,McCormick,"McCormick, Lisa A.",,D,"158,998",37.72%,,,,,,,,,,
342,NJ,New Jersey,S,n/a,,,,,Party Votes:,D,"421,475",,,,,,,,,,,
343,NJ,New Jersey,S,S8NJ00509,,Bob,Hugin,"Hugin, Bob",,R,"168,052",75.13%,,,"1,357,355",42.83%,,,,,,
344,NJ,New Jersey,S,S4NJ00292,,Brian D.,Goldberg,"Goldberg, Brian D.",,R,"55,624",24.87%,,,,,,,,,,
345,NJ,New Jersey,S,n/a,,,,,Party Votes:,R,"223,676",,,,,,,,,,,
346,NJ,New Jersey,S,S8NJ00558,,Madelyn R.,Hoffman,"Hoffman, Madelyn R.",,GRE,,,,,"25,150",0.79%,,,,,,
347,NJ,New Jersey,S,S8NJ00285,,Murray,Sabrin,"Sabrin, Murray",,LIB,,,,,"21,212",0.67%,,,,,,
348,NJ,New Jersey,S,S8NJ00533,,Natalie Lynn,Rivera,"Rivera, Natalie Lynn",,FTP,,,,,"19,897",0.63%,,,,,,
349,NJ,New Jersey,S,S8NJ00541,,Tricia,Flanagan,"Flanagan, Tricia",,NDN,,,,,"16,101",0.51%,,,,,,
350,NJ,New Jersey,S,S8NJ00566,,Kevin,Kimple,"Kimple, Kevin",,MIS,,,,,"9,087",0.29%,,,,,,
351,NJ,New Jersey,S,S4NJ00326,,Hank ,Schroeder,"Schroeder, Hank ",,EG,,,,,"8,854",0.28%,,,,,,
352,NJ,New Jersey,S,n/a,,,,,Total State Votes:,,"645,151",,,,"3,169,310",,,,,,,
353,,,,,,,,,,,,,,,,,,,,,,
354,NM,New Mexico,S,S2NM00088 ,(I),Martin T.,Heinrich,"Heinrich, Martin T.",,D,"152,145",100.00%,,,"376,998",54.09%,,,,,W,
355,NM,New Mexico,S,n/a,,,,,Party Votes:,D,"152,145",,,,,,,,,,,
356,NM,New Mexico,S,S8NM00200,,Mick ,Rich,"Rich, Mick ",,R,"67,502",100.00%,,,"212,813",30.53%,,,,,,
357,NM,New Mexico,S,n/a,,,,,Party Votes:,R,"67,502",,,,,,,,,,,
358,NM,New Mexico,S,S8NM00226,,Gary E.,Johnson,"Johnson, Gary E.  #",,LIB,,,,,"107,201",15.38%,,,,,,#  Aubrey Dunn withdrew after the primary and Gary Johnson was selected by the party to be the nominee.
359,NM,New Mexico,S,S8NM00218,,Aubrey,Dunn,"Dunn, Aubrey  #",,LIB,623,100.00%,,,,,,,,,,#  Aubrey Dunn withdrew after the primary and Gary Johnson was selected by the party to be the nominee.
360,NM,New Mexico,S,n/a,,,,,Party Votes:,LIB,623,,,,,,,,,,,
361,NM,New Mexico,S,n/a,,,,,Total State Votes:,,"220,270",,,,"697,012",,,,,,,
362,,,,,,,,,,,,,,,,,,,,,,
363,NY,New York,S,S0NY00410,(I),Kirsten E.,Gillibrand,"Gillibrand, Kirsten E.",,D,Unopposed,,,,"3,755,489",61.98%,,,"4,056,931",66.96%,W,
364,NY,New York,S,S0NY00410,(I),Kirsten E.,Gillibrand,"Gillibrand, Kirsten E.",,WF,Unopposed,,,,"160,128",2.64%,,,"4,056,931",66.96%,,
365,NY,New York,S,S0NY00410,(I),Kirsten E.,Gillibrand,"Gillibrand, Kirsten E.",,IDP,Unopposed,,,,"99,325",1.64%,,,"4,056,931",66.96%,,
366,NY,New York,S,S0NY00410,(I),Kirsten E.,Gillibrand,"Gillibrand, Kirsten E.",,WEP,Unopposed,,,,"41,989",0.69%,,,"4,056,931",66.96%,,
367,NY,New York,S,S8NY00215,,Chele Chiavacci,Farley,"Farley, Chele Chiavacci",,R,Unopposed,,,,"1,730,439",28.56%,,,"1,998,220",32.98%,,
368,NY,New York,S,S8NY00215,,Chele Chiavacci,Farley,"Farley, Chele Chiavacci",,CRV,Unopposed,,,,"246,171",4.06%,,,"1,998,220",32.98%,,
369,NY,New York,S,S8NY00215,,Chele Chiavacci,Farley,"Farley, Chele Chiavacci",,REF,Unopposed,,,,"21,610",0.36%,,,"1,998,220",32.98%,,
370,NY,New York,S,n/a,,,Scattered,Scattered,,W,,,,,"3,872",0.06%,,,,,,
371,NY,New York,S,n/a,,,,,Total State Votes:,,,,,,"6,059,023",,,,,,,
372,,,,,,,,,,,,,,,,,,,,,,
373,ND,North Dakota,S,S8ND00120,,Kevin,Cramer,"Cramer, Kevin",,R,"61,529",87.73%,,,"179,720",55.11%,,,,,W,
374,ND,North Dakota,S,S8ND00138,,Thomas E.,O'Neill,"O'Neill, Thomas E.",,R,"8,509",12.13%,,,,,,,,,,
375,ND,North Dakota,S,n/a,,,Scattered,Scattered,,W(R),95,0.14%,,,,,,,,,,
376,ND,North Dakota,S,n/a,,,,,Party Votes:,R,"70,133",,,,,,,,,,,
377,ND,North Dakota,S,S2ND00099,(I),Heidi,Heitkamp,"Heitkamp, Heidi",,DNL,"36,729",99.58%,,,"144,376",44.27%,,,,,,
378,ND,North Dakota,S,n/a,,,Scattered,Scattered,,W(DNL),154,0.42%,,,,,,,,,,
379,ND,North Dakota,S,n/a,,,,,Party Votes:,DNL,"36,883",,,,,,,,,,,
380,ND,North Dakota,S,n/a,,,Scattered,Scattered,,W,,,,,"2,042",0.63%,,,,,,
381,ND,North Dakota,S,n/a,,,Scattered,Scattered,,W(LIB),70,92.11%,,,,,,,,,,
382,ND,North Dakota,S,n/a,,Debbie,Buechler,"Buechler, Debbie",,W(LIB),1,1.32%,,,,,,,,,,
383,ND,North Dakota,S,n/a,,John,Doe,"Doe, John",,W(LIB),1,1.32%,,,,,,,,,,
384,ND,North Dakota,S,n/a,,Kelly,Erlandson,"Erlandson, Kelly",,W(LIB),1,1.32%,,,,,,,,,,
385,ND,North Dakota,S,n/a,,"Boyd, Jr.",Jacobson,"Jacobson, Boyd, Jr.",,W(LIB),1,1.32%,,,,,,,,,,
386,ND,North Dakota,S,n/a,,Roy,Musland,"Musland, Roy",,W(LIB),1,1.32%,,,,,,,,,,
387,ND,North Dakota,S,n/a,,Charles,Sullivan,"Sullivan, Charles",,W(LIB),1,1.32%,,,,,,,,,,
388,ND,North Dakota,S,n/a,,,,,Party Votes:,LIB,76,,,,,,,,,,,
389,ND,North Dakota,S,n/a,,,,,Total State Votes:,,"107,092",,,,"326,138",,,,,,,
390,,,,,,,,,,,,,,,,,,,,,,
391,OH,Ohio,S,S6OH00163,(I),Sherrod,Brown,"Brown, Sherrod",,D,"613,373",100.00%,,,"2,358,508",53.40%,,,,,W,
392,OH,Ohio,S,n/a,,,,,Party Votes:,D,"613,373",,,,,,,,,,,
393,OH,Ohio,S,S8OH00102,,Jim,Renacci,"Renacci, Jim",,R,"363,622",47.34%,,,"2,057,559",46.58%,,,,,,
394,OH,Ohio,S,S8OH00086,,Mike,Gibbons,"Gibbons, Mike",,R,"243,426",31.69%,,,,,,,,,,
395,OH,Ohio,S,S8OH00094,,Melissa,Ackison,"Ackison, Melissa",,R,"100,543",13.09%,,,,,,,,,,
396,OH,Ohio,S,S8OH00110,,Dan,Kiley,"Kiley, Dan",,R,"30,684",3.99%,,,,,,,,,,
397,OH,Ohio,S,S6OH00288,,Don Elijah,Eckhart,"Eckhart, Don Elijah",,R,"29,796",3.88%,,,,,,,,,,
398,OH,Ohio,S,S8OH00128,,Timothy A.,Pinion,"Pinion, Timothy A.",,W(R),78,0.01%,,,,,,,,,,
399,OH,Ohio,S,n/a,,,,,Party Votes:,R,"768,149",,,,,,,,,,,
400,OH,Ohio,S,S8OH00144,,Stephen,Faris,"Faris, Stephen",,W,,,,,"1,017",0.02%,,,,,,
401,OH,Ohio,S,S8OH00136,,Philena Irene,Farley,"Farley, Philena Irene",,W(GRE),327,100.00%,,,,,,,,,,
402,OH,Ohio,S,n/a,,,,,Party Votes:,GRE,327,,,,,,,,,,,
403,OH,Ohio,S,n/a,,,,,Total State Votes:,,"1,381,849",,,,"4,417,084",,,,,,,
404,,,,,,,,,,,,,,,,,,,,,,
405,PA,Pennsylvania,S,S6PA00217,(I),"Bob, Jr.",Casey,"Casey, Bob, Jr.",,D,"752,008",99.13%,,,"2,792,437",55.73%,,,,,W,
406,PA,Pennsylvania,S,n/a,,,Scattered,Scattered,,W(D),"6,584",0.87%,,,,,,,,,,
407,PA,Pennsylvania,S,n/a,,,,,Party Votes:,D,"758,592",,,,,,,,,,,
408,PA,Pennsylvania,S,S8PA00320,,Lou,Barletta,"Barletta, Lou",,R,"433,312",62.80%,,,"2,134,848",42.60%,,,,,,
409,PA,Pennsylvania,S,S8PA00270,,Jim,Christiana,"Christiana, Jim",,R,"254,118",36.83%,,,,,,,,,,
410,PA,Pennsylvania,S,n/a,,,Scattered,Scattered,,W(R),"2,553",0.37%,,,,,,,,,,
411,PA,Pennsylvania,S,n/a,,,,,Party Votes:,R,"689,983",,,,,,,,,,,
412,PA,Pennsylvania,S,S8PA00254,,"Dale R. , Jr.",Kerns,"Kerns, Dale R., Jr.",,LIB,,,,,"50,907",1.02%,,,,,,
413,PA,Pennsylvania,S,S8PA00346,,Neal,Gale,"Gale, Neal",,GRE,,,,,"31,208",0.62%,,,,,,
414,PA,Pennsylvania,S,n/a,,,Scattered,Scattered,,W,,,,,"1,568",0.03%,,,,,,
415,PA,Pennsylvania,S,n/a,,,,,Total State Votes:,,"1,448,575",,,,"5,010,968",,,,,,,
416,,,,,,,,,,,,,,,,,,,,,,
417,RI,Rhode Island,S,S6RI00221,(I),Sheldon,Whitehouse,"Whitehouse, Sheldon",,D,"89,140",76.79%,,,"231,477",61.44%,,,,,W,
418,RI,Rhode Island,S,S8RI00144,,Patricia J.,Fontes,"Fontes, Patricia J.",,D,"26,947",23.21%,,,,,,,,,,
419,RI,Rhode Island,S,n/a,,,,,Party Votes:,D,"116,087",,,,,,,,,,,
420,RI,Rhode Island,S,S8RI00128,,"Robert G., Jr.",Flanders,"Flanders, Robert G., Jr.",,R,"26,543",87.70%,,,"144,421",38.33%,,,,,,
421,RI,Rhode Island,S,S8RI00151,,"Roque ""Rocky"" ",De La Fuente,"De La Fuente, Roque ""Rocky"" ",,R,"3,722",12.30%,,,,,,,,,,
422,RI,Rhode Island,S,n/a,,,,,Party Votes:,R,"30,265",,,,,,,,,,,
423,RI,Rhode Island,S,n/a,,,Scattered,Scattered,,W,,,,,718,0.19%,,,,,,
424,RI,Rhode Island,S,S8RI00177,,Mike,Costa,"Costa, Mike",,W,,,,,44,0.01%,,,,,,
425,RI,Rhode Island,S,S8RI00144,,Patricia,Fontes,"Fontes, Patricia",,W,,,,,26,0.01%,,,,,,
426,RI,Rhode Island,S,S8RI00144,,Patricia J,Fontes,"Fontes, Patricia J",,W,,,,,12,0.00%,,,,,,
427,RI,Rhode Island,S,n/a,,Mickey,Mouse,"Mouse, Mickey",,W,,,,,12,0.00%,,,,,,
428,RI,Rhode Island,S,S8RI00177,,Michael,Costa,"Costa, Michael",,W,,,,,6,0.00%,,,,,,
429,RI,Rhode Island,S,n/a,,Patt,Fontes,"Fontes, Patt",,W,,,,,6,0.00%,,,,,,
430,RI,Rhode Island,S,n/a,,,NOTA,NOTA,,W,,,,,6,0.00%,,,,,,
431,RI,Rhode Island,S,n/a,,,Costa,Costa,,W,,,,,5,0.00%,,,,,,
432,RI,Rhode Island,S,S8RI00110,,Robert,Nardililo,"Nardililo, Robert",,W,,,,,5,0.00%,,,,,,
433,RI,Rhode Island,S,n/a,,,,,Total State Votes:,,"146,352",,,,"376,738",,,,,,,
434,,,,,,,,,,,,,,,,,,,,,,
435,TN,Tennessee,S,S8TN00337,,Marsha,Blackburn,"Blackburn, Marsha",,R,"613,513",84.48%,,,"1,227,483",54.71%,,,,,W,
436,TN,Tennessee,S,S8TN00394,,Aaron L. ,Pettigrew,"Pettigrew, Aaron L. ",,R,"112,705",15.52%,,,,,,,,,,
437,TN,Tennessee,S,n/a,,Tommy N.,Hay,"Hay, Tommy N.",,W(R),11,0.00%,,,,,,,,,,
438,TN,Tennessee,S,S4TN00427,,"Tom, Jr.",Emerson,"Emerson, Tom, Jr.",,W(R),2,0.00%,,,,,,,,,,
439,TN,Tennessee,S,n/a,,,,,Party Votes:,R,"726,231",,,,,,,,,,,
440,TN,Tennessee,S,S8TN00386,,Phil,Bredesen,"Bredesen, Phil",,D,"349,718",91.51%,,,"985,450",43.92%,,,,,,
441,TN,Tennessee,S,S2TN00082,,Gary,Davis,"Davis, Gary",,D,"20,170",5.28%,,,,,,,,,,
442,TN,Tennessee,S,S8TN00410,,John,Wolfe,"Wolfe, John",,D,"12,269",3.21%,,,,,,,,,,
443,TN,Tennessee,S,n/a,,,,,Party Votes:,D,"382,157",,,,,,,,,,,
444,TN,Tennessee,S,S8TN00428,,Trudy A.,Austin,"Austin, Trudy A.",,IND,,,,,"9,455",0.42%,,,,,,
445,TN,Tennessee,S,S8TN00444,,Dean,Hill,"Hill, Dean",,IND,,,,,"8,717",0.39%,,,,,,
446,TN,Tennessee,S,S8TN00469,,Kris L.,Todd,"Todd, Kris L.",,IND,,,,,"5,084",0.23%,,,,,,
447,TN,Tennessee,S,S8TN00436,,John,Carico,"Carico, John",,IND,,,,,"3,398",0.15%,,,,,,
448,TN,Tennessee,S,S4TN00450,,Breton,Phillips,"Phillips, Breton",,IND,,,,,"2,226",0.10%,,,,,,
449,TN,Tennessee,S,S8TN00451,,Kevin Lee,McCants,"McCants, Kevin Lee",,IND,,,,,"1,927",0.09%,,,,,,
450,TN,Tennessee,S,n/a,,,,,Total State Votes:,,"1,108,388",,,,"2,243,740",,,,,,,
451,,,,,,,,,,,,,,,,,,,,,,
452,TX,Texas,S,S2TX00312,(I),Ted,Cruz,"Cruz, Ted",,R,"1,322,724",85.36%,,,"4,260,553",50.89%,,,,,W,
453,TX,Texas,S,S8TX00343,,Mary,Miller,"Miller, Mary",,R,"94,715",6.11%,,,,,,,,,,
454,TX,Texas,S,S8TX00350,,"Bruce, Jr.",Jacobson,"Jacobson, Bruce, Jr.",,R,"64,791",4.18%,,,,,,,,,,
455,TX,Texas,S,S8TX00319,,Stefano,de Stefano,"de Stefano, Stefano",,R,"44,456",2.87%,,,,,,,,,,
456,TX,Texas,S,S8TX00384,,Geraldine,Sam,"Sam, Geraldine",,R,"22,887",1.48%,,,,,,,,,,
457,TX,Texas,S,n/a,,,,,Party Votes:,R,"1,549,573",,,,,,,,,,,
458,TX,Texas,S,S8TX00285,,Beto,O'Rourke,"O'Rourke, Beto",,D,"644,632",61.81%,,,"4,045,632",48.33%,,,,,,
459,TX,Texas,S,S8TX00327,,Sema,Hernandez,"Hernandez, Sema",,D,"247,424",23.72%,,,,,,,,,,
460,TX,Texas,S,S8TX00376,,Edward,Kimbrough,"Kimbrough, Edward",,D,"150,858",14.47%,,,,,,,,,,
461,TX,Texas,S,n/a,,,,,Party Votes:,D,"1,042,914",,,,,,,,,,,
462,TX,Texas,S,S8TX00418,,Neal M.,Dikeman,"Dikeman, Neal M.",,LIB,*,,,,"65,470",0.78%,,,,,,"* The Libertarian Partiy nominated by convention on April 14, 2018.  Convention nominee is noted with an asterisk."
463,TX,Texas,S,S8TX00392,,Shane D.,Newsom,"Newsom, Shane D.",,LIB,,,,,,,,,,,,"* The Libertarian Partiy nominated by convention on April 14, 2018.  Convention nominee is noted with an asterisk."
464,TX,Texas,S,S8TX00400,,"Rickey Dean, Jr.",Morris,"Morris, Rickey Dean, Jr.",,LIB,,,,,,,,,,,,"* The Libertarian Partiy nominated by convention on April 14, 2018.  Convention nominee is noted with an asterisk."
465,TX,Texas,S,S8TX00426,,Shalesh,Ganjoo,"Ganjoo, Shalesh",,LIB,,,,,,,,,,,,"* The Libertarian Partiy nominated by convention on April 14, 2018.  Convention nominee is noted with an asterisk."
466,TX,Texas,S,S8TX00434,,Phil,Gray,"Gray, Phil",,LIB,,,,,,,,,,,,"* The Libertarian Partiy nominated by convention on April 14, 2018.  Convention nominee is noted with an asterisk."
467,TX,Texas,S,n/a,,,,,Total State Votes:,,"2,592,487",,,,"8,371,655",,,,,,,
468,,,,,,,,,,,,,,,,,,,,,,
469,UT,Utah,S,S8UT00176,,Mitt,Romney,"Romney, Mitt",,R,"240,021",71.27%,,,"665,215",62.59%,,,,,W,"*  Conventions are held by the political parties prior to the primary election.  If one candidate achieves the required convention vote (in accordance with party rules) and there are no candidates that qualified for a primary election by gathering petition signatures, then the candidate is the nominee and the primary election is not held.  If a convention candidate does not achieve the required convention vote, then the top two convention vote-getters will participate in the primary election, along with any candidates that qualified by the signature-gathering method.  For the Democratic and Republican parties, the required convention vote for nomination was 60%.  The Libertarian Party convention was held on April 14, 2018.  The Republican, Green and Independent American Party conventions were held on April 21, 2018.  The Democratic, Constitution and United Utah Party conventions were held on April 28, 2018.  Convention nominees are noted with an asterisk."
470,UT,Utah,S,S8UT00242,,Mike,Kennedy,"Kennedy, Mike",,R,"96,771",28.73%,,,,,,,,,,"*  Conventions are held by the political parties prior to the primary election.  If one candidate achieves the required convention vote (in accordance with party rules) and there are no candidates that qualified for a primary election by gathering petition signatures, then the candidate is the nominee and the primary election is not held.  If a convention candidate does not achieve the required convention vote, then the top two convention vote-getters will participate in the primary election, along with any candidates that qualified by the signature-gathering method.  For the Democratic and Republican parties, the required convention vote for nomination was 60%.  The Libertarian Party convention was held on April 14, 2018.  The Republican, Green and Independent American Party conventions were held on April 21, 2018.  The Democratic, Constitution and United Utah Party conventions were held on April 28, 2018.  Convention nominees are noted with an asterisk."
471,UT,Utah,S,S0UT00231,,Loy,Brunson,"Brunson, Loy",,R,,,,,,,,,,,,"*  Conventions are held by the political parties prior to the primary election.  If one candidate achieves the required convention vote (in accordance with party rules) and there are no candidates that qualified for a primary election by gathering petition signatures, then the candidate is the nominee and the primary election is not held.  If a convention candidate does not achieve the required convention vote, then the top two convention vote-getters will participate in the primary election, along with any candidates that qualified by the signature-gathering method.  For the Democratic and Republican parties, the required convention vote for nomination was 60%.  The Libertarian Party convention was held on April 14, 2018.  The Republican, Green and Independent American Party conventions were held on April 21, 2018.  The Democratic, Constitution and United Utah Party conventions were held on April 28, 2018.  Convention nominees are noted with an asterisk."
472,UT,Utah,S,S8UT00200,,Alicia,Colvin,"Colvin, Alicia",,R,,,,,,,,,,,,"*  Conventions are held by the political parties prior to the primary election.  If one candidate achieves the required convention vote (in accordance with party rules) and there are no candidates that qualified for a primary election by gathering petition signatures, then the candidate is the nominee and the primary election is not held.  If a convention candidate does not achieve the required convention vote, then the top two convention vote-getters will participate in the primary election, along with any candidates that qualified by the signature-gathering method.  For the Democratic and Republican parties, the required convention vote for nomination was 60%.  The Libertarian Party convention was held on April 14, 2018.  The Republican, Green and Independent American Party conventions were held on April 21, 2018.  The Democratic, Constitution and United Utah Party conventions were held on April 28, 2018.  Convention nominees are noted with an asterisk."
473,UT,Utah,S,S6UT00261,,Stoney,Fonua,"Fonua, Stoney",,R,,,,,,,,,,,,"*  Conventions are held by the political parties prior to the primary election.  If one candidate achieves the required convention vote (in accordance with party rules) and there are no candidates that qualified for a primary election by gathering petition signatures, then the candidate is the nominee and the primary election is not held.  If a convention candidate does not achieve the required convention vote, then the top two convention vote-getters will participate in the primary election, along with any candidates that qualified by the signature-gathering method.  For the Democratic and Republican parties, the required convention vote for nomination was 60%.  The Libertarian Party convention was held on April 14, 2018.  The Republican, Green and Independent American Party conventions were held on April 21, 2018.  The Democratic, Constitution and United Utah Party conventions were held on April 28, 2018.  Convention nominees are noted with an asterisk."
474,UT,Utah,S,S0UT00215,,Jeremy Lewis,Friedbaum,"Friedbaum, Jeremy Lewis",,R,,,,,,,,,,,,"*  Conventions are held by the political parties prior to the primary election.  If one candidate achieves the required convention vote (in accordance with party rules) and there are no candidates that qualified for a primary election by gathering petition signatures, then the candidate is the nominee and the primary election is not held.  If a convention candidate does not achieve the required convention vote, then the top two convention vote-getters will participate in the primary election, along with any candidates that qualified by the signature-gathering method.  For the Democratic and Republican parties, the required convention vote for nomination was 60%.  The Libertarian Party convention was held on April 14, 2018.  The Republican, Green and Independent American Party conventions were held on April 21, 2018.  The Democratic, Constitution and United Utah Party conventions were held on April 28, 2018.  Convention nominees are noted with an asterisk."
475,UT,Utah,S,S8UT00218,,Abe Lincoln Brian,Jenkins,"Jenkins, Abe Lincoln Brian",,R,,,,,,,,,,,,"*  Conventions are held by the political parties prior to the primary election.  If one candidate achieves the required convention vote (in accordance with party rules) and there are no candidates that qualified for a primary election by gathering petition signatures, then the candidate is the nominee and the primary election is not held.  If a convention candidate does not achieve the required convention vote, then the top two convention vote-getters will participate in the primary election, along with any candidates that qualified by the signature-gathering method.  For the Democratic and Republican parties, the required convention vote for nomination was 60%.  The Libertarian Party convention was held on April 14, 2018.  The Republican, Green and Independent American Party conventions were held on April 21, 2018.  The Democratic, Constitution and United Utah Party conventions were held on April 28, 2018.  Convention nominees are noted with an asterisk."
476,UT,Utah,S,S8UT00226,,Torrey,Jenkins,"Jenkins, Torrey",,R,,,,,,,,,,,,"*  Conventions are held by the political parties prior to the primary election.  If one candidate achieves the required convention vote (in accordance with party rules) and there are no candidates that qualified for a primary election by gathering petition signatures, then the candidate is the nominee and the primary election is not held.  If a convention candidate does not achieve the required convention vote, then the top two convention vote-getters will participate in the primary election, along with any candidates that qualified by the signature-gathering method.  For the Democratic and Republican parties, the required convention vote for nomination was 60%.  The Libertarian Party convention was held on April 14, 2018.  The Republican, Green and Independent American Party conventions were held on April 21, 2018.  The Democratic, Constitution and United Utah Party conventions were held on April 28, 2018.  Convention nominees are noted with an asterisk."
477,UT,Utah,S,S8UT00234,,Tim,Jimenez,"Jimenez, Tim",,R,,,,,,,,,,,,"*  Conventions are held by the political parties prior to the primary election.  If one candidate achieves the required convention vote (in accordance with party rules) and there are no candidates that qualified for a primary election by gathering petition signatures, then the candidate is the nominee and the primary election is not held.  If a convention candidate does not achieve the required convention vote, then the top two convention vote-getters will participate in the primary election, along with any candidates that qualified by the signature-gathering method.  For the Democratic and Republican parties, the required convention vote for nomination was 60%.  The Libertarian Party convention was held on April 14, 2018.  The Republican, Green and Independent American Party conventions were held on April 21, 2018.  The Democratic, Constitution and United Utah Party conventions were held on April 28, 2018.  Convention nominees are noted with an asterisk."
478,UT,Utah,S,S8UT00259,,Joshua C.,Lee,"Lee, Joshua C.",,R,,,,,,,,,,,,"*  Conventions are held by the political parties prior to the primary election.  If one candidate achieves the required convention vote (in accordance with party rules) and there are no candidates that qualified for a primary election by gathering petition signatures, then the candidate is the nominee and the primary election is not held.  If a convention candidate does not achieve the required convention vote, then the top two convention vote-getters will participate in the primary election, along with any candidates that qualified by the signature-gathering method.  For the Democratic and Republican parties, the required convention vote for nomination was 60%.  The Libertarian Party convention was held on April 14, 2018.  The Republican, Green and Independent American Party conventions were held on April 21, 2018.  The Democratic, Constitution and United Utah Party conventions were held on April 28, 2018.  Convention nominees are noted with an asterisk."
479,UT,Utah,S,S8UT00168,,Larry,Meyers,"Meyers, Larry",,R,,,,,,,,,,,,"*  Conventions are held by the political parties prior to the primary election.  If one candidate achieves the required convention vote (in accordance with party rules) and there are no candidates that qualified for a primary election by gathering petition signatures, then the candidate is the nominee and the primary election is not held.  If a convention candidate does not achieve the required convention vote, then the top two convention vote-getters will participate in the primary election, along with any candidates that qualified by the signature-gathering method.  For the Democratic and Republican parties, the required convention vote for nomination was 60%.  The Libertarian Party convention was held on April 14, 2018.  The Republican, Green and Independent American Party conventions were held on April 21, 2018.  The Democratic, Constitution and United Utah Party conventions were held on April 28, 2018.  Convention nominees are noted with an asterisk."
480,UT,Utah,S,S8UT00267,,Samuel B.,Parker,"Parker, Samuel B.",,R,,,,,,,,,,,,"*  Conventions are held by the political parties prior to the primary election.  If one candidate achieves the required convention vote (in accordance with party rules) and there are no candidates that qualified for a primary election by gathering petition signatures, then the candidate is the nominee and the primary election is not held.  If a convention candidate does not achieve the required convention vote, then the top two convention vote-getters will participate in the primary election, along with any candidates that qualified by the signature-gathering method.  For the Democratic and Republican parties, the required convention vote for nomination was 60%.  The Libertarian Party convention was held on April 14, 2018.  The Republican, Green and Independent American Party conventions were held on April 21, 2018.  The Democratic, Constitution and United Utah Party conventions were held on April 28, 2018.  Convention nominees are noted with an asterisk."
481,UT,Utah,S,n/a,,,,,Party Votes:,R,"336,792",,,,,,,,,,,"*  Conventions are held by the political parties prior to the primary election.  If one candidate achieves the required convention vote (in accordance with party rules) and there are no candidates that qualified for a primary election by gathering petition signatures, then the candidate is the nominee and the primary election is not held.  If a convention candidate does not achieve the required convention vote, then the top two convention vote-getters will participate in the primary election, along with any candidates that qualified by the signature-gathering method.  For the Democratic and Republican parties, the required convention vote for nomination was 60%.  The Libertarian Party convention was held on April 14, 2018.  The Republican, Green and Independent American Party conventions were held on April 21, 2018.  The Democratic, Constitution and United Utah Party conventions were held on April 28, 2018.  Convention nominees are noted with an asterisk."
482,UT,Utah,S,S8UT00143,,Jenny,Wilson,"Wilson, Jenny",,D,*,,,,"328,541",30.91%,,,,,,"*  Conventions are held by the political parties prior to the primary election.  If one candidate achieves the required convention vote (in accordance with party rules) and there are no candidates that qualified for a primary election by gathering petition signatures, then the candidate is the nominee and the primary election is not held.  If a convention candidate does not achieve the required convention vote, then the top two convention vote-getters will participate in the primary election, along with any candidates that qualified by the signature-gathering method.  For the Democratic and Republican parties, the required convention vote for nomination was 60%.  The Libertarian Party convention was held on April 14, 2018.  The Republican, Green and Independent American Party conventions were held on April 21, 2018.  The Democratic, Constitution and United Utah Party conventions were held on April 28, 2018.  Convention nominees are noted with an asterisk."
483,UT,Utah,S,S8UT00184,,Jeff,Dransfield,"Dransfield, Jeff",,D,,,,,,,,,,,,"*  Conventions are held by the political parties prior to the primary election.  If one candidate achieves the required convention vote (in accordance with party rules) and there are no candidates that qualified for a primary election by gathering petition signatures, then the candidate is the nominee and the primary election is not held.  If a convention candidate does not achieve the required convention vote, then the top two convention vote-getters will participate in the primary election, along with any candidates that qualified by the signature-gathering method.  For the Democratic and Republican parties, the required convention vote for nomination was 60%.  The Libertarian Party convention was held on April 14, 2018.  The Republican, Green and Independent American Party conventions were held on April 21, 2018.  The Democratic, Constitution and United Utah Party conventions were held on April 28, 2018.  Convention nominees are noted with an asterisk."
484,UT,Utah,S,S8UT00192,,Larry,Livingston,"Livingston, Larry",,D,,,,,,,,,,,,"*  Conventions are held by the political parties prior to the primary election.  If one candidate achieves the required convention vote (in accordance with party rules) and there are no candidates that qualified for a primary election by gathering petition signatures, then the candidate is the nominee and the primary election is not held.  If a convention candidate does not achieve the required convention vote, then the top two convention vote-getters will participate in the primary election, along with any candidates that qualified by the signature-gathering method.  For the Democratic and Republican parties, the required convention vote for nomination was 60%.  The Libertarian Party convention was held on April 14, 2018.  The Republican, Green and Independent American Party conventions were held on April 21, 2018.  The Democratic, Constitution and United Utah Party conventions were held on April 28, 2018.  Convention nominees are noted with an asterisk."
485,UT,Utah,S,S8UT00150,,Mitchell,Vice,"Vice, Mitchell",,D,,,,,,,,,,,,"*  Conventions are held by the political parties prior to the primary election.  If one candidate achieves the required convention vote (in accordance with party rules) and there are no candidates that qualified for a primary election by gathering petition signatures, then the candidate is the nominee and the primary election is not held.  If a convention candidate does not achieve the required convention vote, then the top two convention vote-getters will participate in the primary election, along with any candidates that qualified by the signature-gathering method.  For the Democratic and Republican parties, the required convention vote for nomination was 60%.  The Libertarian Party convention was held on April 14, 2018.  The Republican, Green and Independent American Party conventions were held on April 21, 2018.  The Democratic, Constitution and United Utah Party conventions were held on April 28, 2018.  Convention nominees are noted with an asterisk."
486,UT,Utah,S,S2UT00229,,Tim,Aalders,"Aalders, Tim",,CON,*,,,,"28,774",2.71%,,,,,,"*  Conventions are held by the political parties prior to the primary election.  If one candidate achieves the required convention vote (in accordance with party rules) and there are no candidates that qualified for a primary election by gathering petition signatures, then the candidate is the nominee and the primary election is not held.  If a convention candidate does not achieve the required convention vote, then the top two convention vote-getters will participate in the primary election, along with any candidates that qualified by the signature-gathering method.  For the Democratic and Republican parties, the required convention vote for nomination was 60%.  The Libertarian Party convention was held on April 14, 2018.  The Republican, Green and Independent American Party conventions were held on April 21, 2018.  The Democratic, Constitution and United Utah Party conventions were held on April 28, 2018.  Convention nominees are noted with an asterisk."
487,UT,Utah,S,S8UT00127,,Craig R.,Bowden,"Bowden, Craig R.",,LIB,*,,,,"27,607",2.60%,,,,,,"*  Conventions are held by the political parties prior to the primary election.  If one candidate achieves the required convention vote (in accordance with party rules) and there are no candidates that qualified for a primary election by gathering petition signatures, then the candidate is the nominee and the primary election is not held.  If a convention candidate does not achieve the required convention vote, then the top two convention vote-getters will participate in the primary election, along with any candidates that qualified by the signature-gathering method.  For the Democratic and Republican parties, the required convention vote for nomination was 60%.  The Libertarian Party convention was held on April 14, 2018.  The Republican, Green and Independent American Party conventions were held on April 21, 2018.  The Democratic, Constitution and United Utah Party conventions were held on April 28, 2018.  Convention nominees are noted with an asterisk."
488,UT,Utah,S,S8UT00275,,Reed C.,McCandless,"McCandless, Reed C.",,IAP,*,,,,"12,708",1.20%,,,,,,"*  Conventions are held by the political parties prior to the primary election.  If one candidate achieves the required convention vote (in accordance with party rules) and there are no candidates that qualified for a primary election by gathering petition signatures, then the candidate is the nominee and the primary election is not held.  If a convention candidate does not achieve the required convention vote, then the top two convention vote-getters will participate in the primary election, along with any candidates that qualified by the signature-gathering method.  For the Democratic and Republican parties, the required convention vote for nomination was 60%.  The Libertarian Party convention was held on April 14, 2018.  The Republican, Green and Independent American Party conventions were held on April 21, 2018.  The Democratic, Constitution and United Utah Party conventions were held on April 28, 2018.  Convention nominees are noted with an asterisk."
489,UT,Utah,S,S8UT00325,,Caleb Dan,Reeve,"Reeve, Caleb Dan",,W,,,,,29,0.00%,,,,,,
490,UT,Utah,S,S8UT00309,,Tyrone,Jensen,"Jensen, Tyrone",,W,,,,,17,0.00%,,,,,,
491,UT,Utah,S,S8UT00291,,Ryan Daniel,Jackson,"Jackson, Ryan Daniel",,W,,,,,3,0.00%,,,,,,
492,UT,Utah,S,S8UT00333,,Hektor,Reiksthegn,"Reiksthegn, Hektor",,W,,,,,2,0.00%,,,,,,
493,UT,Utah,S,S8UT00283,,Glade G.,Fitzgerald,"Fitzgerald, Glade G.",,W,,,,,1,0.00%,,,,,,
494,UT,Utah,S,n/a,,,,,Total State Votes:,,"336,792",,,,"1,062,897",,,,,,,
495,,,,,,,,,,,,,,,,,,,,,,
496,VT,Vermont,S,S4VT00033,(I),Bernie ,Sanders,"Sanders, Bernie ",,IND,,,,,"183,649",67.36%,,,,,W,
497,VT,Vermont,S,S4VT00033,(I),Bernie ,Sanders,"Sanders, Bernie ",,D,"63,683",94.02%,,,,,,,,,,
498,VT,Vermont,S,S8VT00117,,Folasade ,Adeluola,"Adeluola, Folasade ",,D,"3,766",5.56%,,,,,,,,,,
499,VT,Vermont,S,n/a,,,Scattered,Scattered,,W(D),133,0.20%,,,,,,,,,,
500,VT,Vermont,S,S8VT00158,,Brad,Peacock,"Peacock, Brad",,W(D),47,0.07%,,,,,,,,,,
501,VT,Vermont,S,S8VT00141,,Lawrence,Zupan,"Zupan, Lawrence",,W(D),37,0.05%,,,,,,,,,,
502,VT,Vermont,S,S2VT00144,,H. Brooke,Paige,"Paige, H. Brooke",,W(D),26,0.04%,,,,,,,,,,
503,VT,Vermont,S,n/a,,Peter,Welch,"Welch, Peter",,W(D),10,0.01%,,,,,,,,,,
504,VT,Vermont,S,S8VT00125,,Jasdeep,Pannu,"Pannu, Jasdeep",,W(D),9,0.01%,,,,,,,,,,
505,VT,Vermont,S,n/a,,John,Rodgers,"Rodgers, John",,W(D),9,0.01%,,,,,,,,,,
506,VT,Vermont,S,n/a,,Howard,Dean,"Dean, Howard",,W(D),5,0.01%,,,,,,,,,,
507,VT,Vermont,S,n/a,,Hillary,Clinton,"Clinton, Hillary",,W(D),5,0.01%,,,,,,,,,,
508,VT,Vermont,S,n/a,,,,,Party Votes:,D,"67,730",,,,,,,,,,,
509,VT,Vermont,S,S4VT00033,,Bernie ,Sanders,"Sanders, Bernie ",,W(PRO),434,85.27%,,,,,,,,,,
510,VT,Vermont,S,n/a,,,Scattered,Scattered,,W(PRO),55,10.81%,,,,,,,,,,
511,VT,Vermont,S,S8VT00141,,Lawrence,Zupan,"Zupan, Lawrence",,W(PRO),9,1.77%,,,,,,,,,,
512,VT,Vermont,S,S8VT00125,,Jasdeep,Pannu,"Pannu, Jasdeep",,W(PRO),6,1.18%,,,,,,,,,,
513,VT,Vermont,S,S2VT00144,,H. Brooke,Paige,"Paige, H. Brooke",,W(PRO),5,0.98%,,,,,,,,,,
514,VT,Vermont,S,n/a,,,,,Party Votes:,PRO,509,,,,,,,,,,,
515,VT,Vermont,S,S8VT00141,,Lawrence,Zupan,"Zupan, Lawrence  #",,R,,,,,"74,815",27.44%,,,,,,"#  H. Brooke Paige won the Republican primaries for U.S. House and Senate (in addition to several state offices).  He then officially withdrew as a candidate for these offices on August 24, 2018.  On August 29, 2018, the Republican State Committee met to select replacement candidates for the general election ballot.  The party selected Lawrence Zupan for the U.S. Senate nomination."
516,VT,Vermont,S,S2VT00144,,H. Brooke ,Paige,"Paige, H. Brooke  #",,R,"9,805",37.47%,,,,,,,,,,"#  H. Brooke Paige won the Republican primaries for U.S. House and Senate (in addition to several state offices).  He then officially withdrew as a candidate for these offices on August 24, 2018.  On August 29, 2018, the Republican State Committee met to select replacement candidates for the general election ballot.  The party selected Lawrence Zupan for the U.S. Senate nomination."
517,VT,Vermont,S,S8VT00141,,Lawrence,Zupan,"Zupan, Lawrence",,R,"9,383",35.86%,,,,,,,,,,
518,VT,Vermont,S,S8VT00125,,Jasdeep ,Pannu,"Pannu, Jasdeep ",,R,"4,527",17.30%,,,,,,,,,,
519,VT,Vermont,S,S4VT00033,,Bernie,Sanders,"Sanders, Bernie",,W(R),"1,081",4.13%,,,,,,,,,,
520,VT,Vermont,S,S8VT00166,,"Roque ""Rocky""",De La Fuente,"De La Fuente, Roque ""Rocky""",,R,"1,057",4.04%,,,,,,,,,,
521,VT,Vermont,S,n/a,,,Scattered,Scattered,,W(R),232,0.89%,,,,,,,,,,
522,VT,Vermont,S,n/a,,Folasade ,Adeluola,"Adeluola, Folasade ",,W(R),28,0.11%,,,,,,,,,,
523,VT,Vermont,S,n/a,,John,Rodgers,"Rodgers, John",,W(R),15,0.06%,,,,,,,,,,
524,VT,Vermont,S,n/a,,Jim,Douglas,"Douglas, Jim",,W(R),14,0.05%,,,,,,,,,,
525,VT,Vermont,S,n/a,,Peter,Welch,"Welch, Peter",,W(R),12,0.05%,,,,,,,,,,
526,VT,Vermont,S,n/a,,Patrick,Leahy,"Leahy, Patrick",,W(R),8,0.03%,,,,,,,,,,
527,VT,Vermont,S,n/a,,Randy,Brock,"Brock, Randy",,W(R),5,0.02%,,,,,,,,,,
528,VT,Vermont,S,n/a,,,,,Party Votes:,R,"26,167",,,,,,,,,,,
529,VT,Vermont,S,S8VT00158,,Brad J.,Peacock,"Peacock, Brad J.",,IND,,,,,"3,665",1.34%,,,,,,
530,VT,Vermont,S,S8VT00182,,Russell,Beste,"Beste, Russell",,IND,,,,,"2,763",1.01%,,,,,,
531,VT,Vermont,S,S8VT00208,,"Edward S., Jr.",Gilbert,"Gilbert, Edward S., Jr.",,IND,,,,,"2,244",0.82%,,,,,,
532,VT,Vermont,S,S8VT00117,,Folasade ,Adeluola,"Adeluola, Folasade ",,IND,,,,,"1,979",0.73%,,,,,,
533,VT,Vermont,S,S8VT00174,,Reid,Kane,"Kane, Reid",,LBU,,,,,"1,171",0.43%,,,,,,
534,VT,Vermont,S,S8VT00133,,Jon,Svitavsky,"Svitavsky, Jon",,IND,,,,,"1,130",0.41%,,,,,,
535,VT,Vermont,S,S8VT00190,,Bruce,Busa,"Busa, Bruce",,IND,,,,,914,0.34%,,,,,,
536,VT,Vermont,S,n/a,,,Scattered,Scattered,,W,,,,,281,0.10%,,,,,,
537,VT,Vermont,S,n/a,,Hillary,Clinton,"Clinton, Hillary",,W,,,,,7,0.00%,,,,,,
538,VT,Vermont,S,n/a,,Jim,Douglas,"Douglas, Jim",,W,,,,,6,0.00%,,,,,,
539,VT,Vermont,S,n/a,,,,,Total State Votes:,,"94,406",,,,"272,624",,,,,,,
540,,,,,,,,,,,,,,,,,,,,,,
541,VA,Virginia,S,S2VA00142,(I),Timothy M.,Kaine,"Kaine, Timothy M.",,D,Unopposed,,,,"1,910,370",57.00%,,,,,W,
542,VA,Virginia,S,S8VA00297,,Corey A.,Stewart,"Stewart, Corey A.",,R,"136,610",44.86%,,,"1,374,313",41.00%,,,,,,
543,VA,Virginia,S,S8VA00313,,Nick J.,Freitas,"Freitas, Nick J.",,R,"131,321",43.12%,,,,,,,,,,
544,VA,Virginia,S,S2VA00167,,E. W.,Jackson,"Jackson, E. W.",,R,"36,508",11.99%,,,,,,,,,,
545,VA,Virginia,S,n/a,,,Scattered,Scattered,,W(R),79,0.03%,,,,,,,,,,
546,VA,Virginia,S,n/a,,,,,Party Votes:,R,"304,518",,,,,,,,,,,
547,VA,Virginia,S,S8VA00354,,Matt J.,Waters,"Waters, Matt J.",,LIB,,,,,"61,565",1.84%,,,,,,
548,VA,Virginia,S,n/a,,,Scattered,Scattered,,W,,,,,"5,509",0.16%,,,,,,
549,VA,Virginia,S,n/a,,,,,Total State Votes:,,"304,518",,,,"3,351,757",,,,,,,
550,,,,,,,,,,,,,,,,,,,,,,
551,WA,Washington,S,S8WA00194,(I),Maria,Cantwell,"Cantwell, Maria",,D,"929,961",54.68%,,,"1,803,364",58.43%,,,,,W,
552,WA,Washington,S,S8WA00319,,Susan,Hutchison,"Hutchison, Susan",,R,"413,317",24.30%,,,"1,282,804",41.57%,,,,,,
553,WA,Washington,S,S8WA00269,,Keith,Swank,"Swank, Keith",,R,"39,818",2.34%,,,,,,,,,,
554,WA,Washington,S,S8WA00244,,Joey,Gibson,"Gibson, Joey",,R,"38,676",2.27%,,,,,,,,,,
555,WA,Washington,S,S8WA00251,,Clint R.,Tannehill,"Tannehill, Clint R.",,D,"35,770",2.10%,,,,,,,,,,
556,WA,Washington,S,S8WA00277,,Dave,Bryant,"Bryant, Dave",,R,"33,962",2.00%,,,,,,,,,,
557,WA,Washington,S,S0WA00258,,Art,Coday,"Coday, Art",,R,"30,654",1.80%,,,,,,,,,,
558,WA,Washington,S,S8WA00202,,Jennifer Gigi,Ferguson,"Ferguson, Jennifer Gigi",,IP,"25,224",1.48%,,,,,,,,,,
559,WA,Washington,S,S8WA00335,,Tim,Owen,"Owen, Tim",,R,"23,167",1.36%,,,,,,,,,,
560,WA,Washington,S,S8WA00293,,Matt,Hawkins,"Hawkins, Matt",,R,"13,324",0.78%,,,,,,,,,,
561,WA,Washington,S,S8WA00228,,Don L.,Rivers,"Rivers, Don L.",,D,"12,634",0.74%,,,,,,,,,,
562,WA,Washington,S,S6WA00446,,Mike,Luke,"Luke, Mike",,LIB,"12,302",0.72%,,,,,,,,,,
563,WA,Washington,S,S2WA00320,,Glen R.,Stockwell,"Stockwell, Glen R.",,R,"11,611",0.68%,,,,,,,,,,
564,WA,Washington,S,S8WA00137,,Thor,Amundson,"Amundson, Thor",,IP,"9,393",0.55%,,,,,,,,,,
565,WA,Washington,S,S4WA00474,,Mohammad,Said,"Said, Mohammad",,D,"8,649",0.51%,,,,,,,,,,
566,WA,Washington,S,S8WA00301,,Matthew D.,Heines,"Heines, Matthew D.",,R,"7,737",0.45%,,,,,,,,,,
567,WA,Washington,S,S8WA00236,,Steve,Hoffman,"Hoffman, Steve",,FSP,"7,390",0.43%,,,,,,,,,,
568,WA,Washington,S,S6WA00297,,,GoodSpaceGuy,GoodSpaceGuy,,R,"7,057",0.41%,,,,,,,,,,
569,WA,Washington,S,S8WA00327,,John,Orlinski,"Orlinski, John",,R,"6,905",0.41%,,,,,,,,,,
570,WA,Washington,S,S8WA00210,,Dave,Strider,"Strider, Dave",,IP,"6,821",0.40%,,,,,,,,,,
571,WA,Washington,S,S8WA00384,,"Roque ""Rocky""",De La Fuente,"De La Fuente, Roque ""Rocky""",,R,"5,724",0.34%,,,,,,,,,,
572,WA,Washington,S,S8WA00368,,"James Robert ""Jimmie""",Deal,"Deal, James Robert ""Jimmie""",,GRE,"3,849",0.23%,,,,,,,,,,
573,WA,Washington,S,S6WA00404,,Sam,Wright,"Wright, Sam",,HRP,"3,761",0.22%,,,,,,,,,,
574,WA,Washington,S,S8WA00350,,Brad,Chase,"Chase, Brad",,FDFR,"2,655",0.16%,,,,,,,,,,
575,WA,Washington,S,S8WA00285,,George H.,Kalberer,"Kalberer, George H.",,D,"2,448",0.14%,,,,,,,,,,
576,WA,Washington,S,S8WA00129,,Charlie R.,Jackson,"Jackson, Charlie R.",,IP,"2,411",0.14%,,,,,,,,,,
577,WA,Washington,S,S8WA00343,,RC,Smith,"Smith, RC",,R,"2,238",0.13%,,,,,,,,,,
578,WA,Washington,S,S8WA00376,,Jon,Butler,"Butler, Jon",,IP,"2,016",0.12%,,,,,,,,,,
579,WA,Washington,S,S6WA00339,,Alex,Tsimerman,"Tsimerman, Alex",,SUA,"1,366",0.08%,,,,,,,,,,
580,WA,Washington,S,n/a,,,,,Total State Votes:,,"1,700,840",,,,"3,086,168",,,,,,,
581,,,,,,,,,,,,,,,,,,,,,,
582,WV,West Virginia,S,S0WV00090,(I),"Joseph, III",Manchin,"Manchin, Joseph, III",,D,"112,658",69.86%,,,"290,510",49.57%,,,,,W,
583,WV,West Virginia,S,S8WV00119,,Paula Jean,Swearengin,"Swearengin, Paula Jean",,D,"48,594",30.14%,,,,,,,,,,
584,WV,West Virginia,S,n/a,,,,,Party Votes:,D,"161,252",,,,,,,,,,,
585,WV,West Virginia,S,S8WV00143,,Patrick,Morrisey,"Morrisey, Patrick",,R,"48,007",34.90%,,,"271,113",46.26%,,,,,,
586,WV,West Virginia,S,S8WV00127,,Evan,Jenkins,"Jenkins, Evan",,R,"40,185",29.21%,,,,,,,,,,
587,WV,West Virginia,S,S8WV00150,,Don,Blankenship,"Blankenship, Don",,R,"27,478",19.97%,,,,,,,,,,
588,WV,West Virginia,S,S8WV00176,,Thomas (Tom),Willis,"Willis, Thomas (Tom)",,R,"13,540",9.84%,,,,,,,,,,
589,WV,West Virginia,S,S8WV00135,,Bo,Copley,"Copley, Bo",,R,"4,248",3.09%,,,,,,,,,,
590,WV,West Virginia,S,S8WV00168,,Jack,Newbrough,"Newbrough, Jack",,R,"4,115",2.99%,,,,,,,,,,
591,WV,West Virginia,S,n/a,,,,,Party Votes:,R,"137,573",,,,,,,,,,,
592,WV,West Virginia,S,S8WV00192,,Rusty,Hollen,"Hollen, Rusty",,LIB,*,,,,"24,411",4.17%,,,,,,"*  The Libertarian Party nominated by convention on April 28, 2018.  Convention nominee is noted with an asterisk"
593,WV,West Virginia,S,n/a,,,,,Total State Votes:,,"298,825",,,,"586,034",,,,,,,
594,,,,,,,,,,,,,,,,,,,,,,
595,WI,Wisconsin,S,S2WI00219,(I),Tammy ,Baldwin,"Baldwin, Tammy ",,D,"510,812",99.64%,,,"1,472,914",55.36%,,,,,W,
596,WI,Wisconsin,S,n/a,,,Scattered,Scattered,,W(D),"1,848",0.36%,,,,,,,,,,
597,WI,Wisconsin,S,n/a,,,,,Party Votes:,D,"512,660",,,,,,,,,,,
598,WI,Wisconsin,S,S8WI00224,,Leah ,Vukmir,"Vukmir, Leah ",,R,"217,230",48.90%,,,"1,184,885",44.53%,,,,,,
599,WI,Wisconsin,S,S8WI00216,,Kevin ,Nicholson,"Nicholson, Kevin ",,R,"191,276",43.06%,,,,,,,,,,
600,WI,Wisconsin,S,S2WI00276,,George C. ,Lucia,"Lucia, George C. ",,R,"18,786",4.23%,,,,,,,,,,
601,WI,Wisconsin,S,S8WI00232,,Griffin ,Jones,"Jones, Griffin ",,R,"8,699",1.96%,,,,,,,,,,
602,WI,Wisconsin,S,S8WI00240,,Charles ,Barman,"Barman, Charles ",,R,"7,959",1.79%,,,,,,,,,,
603,WI,Wisconsin,S,n/a,,,Scattered,Scattered,,W(R),303,0.07%,,,,,,,,,,
604,WI,Wisconsin,S,n/a,,,,,Party Votes:,R,"444,253",,,,,,,,,,,
605,WI,Wisconsin,S,n/a,,,Scattered,Scattered,,W,,,,,"2,922",0.11%,,,,,,
606,WI,Wisconsin,S,S8WI00208,,Mary Jo,Walters,"Walters, Mary Jo",,W,,,,,28,0.00%,,,,,,
607,WI,Wisconsin,S,S2WI00193,,John,Schiess,"Schiess, John",,W,,,,,14,0.00%,,,,,,
608,WI,Wisconsin,S,n/a,,,Scattered,Scattered,,W(LIB),153,100.00%,,,,,,,,,,
609,WI,Wisconsin,S,n/a,,,,,Party Votes:,LIB,153,,,,,,,,,,,
610,WI,Wisconsin,S,n/a,,,Scattered,Scattered,,W(WG),73,100.00%,,,,,,,,,,
611,WI,Wisconsin,S,n/a,,,,,Party Votes:,WG,73,,,,,,,,,,,
612,WI,Wisconsin,S,n/a,,,Scattered,Scattered,,W(CON),50,100.00%,,,,,,,,,,
613,WI,Wisconsin,S,n/a,,,,,Party Votes:,CON,50,,,,,,,,,,,
614,WI,Wisconsin,S,n/a,,,,,Total State Votes:,,"957,189",,,,"2,660,763",,,,,,,
615,,,,,,,,,,,,,,,,,,,,,,
616,WY,Wyoming,S,S6WY00068,(I),John ,Barrasso,"Barrasso, John ",,R,"74,292",64.76%,,,"136,210",66.96%,,,,,W,
617,WY,Wyoming,S,S8WY00197,,Dave ,Dodson,"Dodson, Dave ",,R,"32,647",28.46%,,,,,,,,,,
618,WY,Wyoming,S,S8WY00213,,John ,Holtz,"Holtz, John ",,R,"2,981",2.60%,,,,,,,,,,
619,WY,Wyoming,S,S4WY00097,,Charlie ,Hardy,"Hardy, Charlie #",,R,"2,377",2.07%,,,,,,,,,,#  Charlie Hardy withdrew after official ballots had been printed.
620,WY,Wyoming,S,S8WY00205,,"Roque  ""Rocky"" ",De La Fuente,"De La Fuente, Roque  ""Rocky"" ",,R,"1,280",1.12%,,,,,,,,,,
621,WY,Wyoming,S,S8WY00221,,Anthony L. ,Van Risseghem,"Van Risseghem, Anthony L. ",,R,870,0.76%,,,,,,,,,,
622,WY,Wyoming,S,n/a,,,Scattered,Scattered ,,W(R),267,0.23%,,,,,,,,,,
623,WY,Wyoming,S,n/a,,,,,Party Votes:,R,"114,714",,,,,,,,,,,
624,WY,Wyoming,S,S8WY00189,,Gary ,Trauner,"Trauner, Gary ",,D,"17,562",98.90%,,,"61,227",30.10%,,,,,,
625,WY,Wyoming,S,n/a,,,Scattered,Scattered ,,W(D),195,1.10%,,,,,,,,,,
626,WY,Wyoming,S,n/a,,,,,Party Votes:,D,"17,757",,,,,,,,,,,
627,WY,Wyoming,S,S4WY00154,,Joseph,Porambo,"Porambo, Joseph",,LIB,,,,,"5,658",2.78%,,,,,,
628,WY,Wyoming,S,n/a,,,Scattered,Scattered,,W,,,,,325,0.16%,,,,,,
629,WY,Wyoming,S,n/a,,,,,Total State Votes:,,"132,471",,,,"203,420",,,,,,,
